Rank;Sourceid;Title;Type;Issn;Publisher;Open Access;Open Access Diamond;SJR;SJR Quartile;H index;Total Docs. (2023);Total Docs. (3years);Total Refs.;Total Citations (3years);Citable Docs. (3years);Citations / Doc. (2years);Ref. / Doc.;%Female;Overton;SDG;Country;Region;Publisher;Coverage;Categories;Areas
1;21100794681;"Studies in Second Language Learning and Teaching";journal;"20835205, 20841965";"Adam Mickiewicz University";Yes;Yes;1,455;Q1;33;32;84;1646;299;72;2,96;51,44;39,71;0;3;Poland;Eastern Europe;"Adam Mickiewicz University";"2016-2024";"Education (Q1); Linguistics and Language (Q1)";"Social Sciences"
2;4100151705;"Informatics in Education";journal;"16485831";"Vilnius University Institute of Data Science and Digital Technologies";Yes;Yes;0,813;Q1;35;30;93;1696;357;92;3,19;56,53;29,11;0;8;Lithuania;Eastern Europe;"Vilnius University Institute of Data Science and Digital Technologies";"2006-2024";"Communication (Q1); Education (Q1); Computer Science Applications (Q2)";"Computer Science; Social Sciences"
3;17700156732;"Journal of Teacher Education for Sustainability";journal;"16914147, 16915534";"De Gruyter Open Ltd";Yes;No;0,568;Q2;25;24;68;1102;191;62;2,93;45,92;64,41;0;22;Poland;Eastern Europe;"De Gruyter Open Ltd";"2007-2024";"Education (Q2)";"Social Sciences"
4;21101040697;"Russian Language Studies";journal;"26188171, 26188163";"RUDN University";Yes;Yes;0,473;Q2;7;33;92;826;60;92;0,73;25,03;73,91;0;7;Russian Federation;Eastern Europe;"RUDN University";"2018-2024";"Linguistics and Language (Q1); Education (Q2)";"Social Sciences"
5;19700182688;"Journal of Baltic Science Education";journal;"16483898";"Scientific Methodical Center";Yes;No;0,390;Q2;29;75;224;3759;323;213;1,18;50,12;46,60;0;32;Lithuania;Eastern Europe;"Scientific Methodical Center";"2008-2024";"Education (Q2)";"Social Sciences"
6;21100854757;"Open Archaeology";journal;"23006560";"Walter de Gruyter GmbH";Yes;No;0,381;Q2;18;75;178;6532;178;173;1,01;87,09;49,49;0;20;Poland;Eastern Europe;"Walter de Gruyter GmbH";"2015-2025";"Archeology (arts and humanities) (Q1); Conservation (Q1); Education (Q2)";"Arts and Humanities; Social Sciences"
7;21101128483;"Scientific Herald of Uzhhorod University. Series Physics (discontinued)";journal;"24158038";"Uzhhorod National University";No;No;0,381;-;11;13;24;377;132;24;7,33;29,00;36,96;0;2;Ukraine;Eastern Europe;"Uzhhorod National University";"2019-2024";"Physics and Astronomy (miscellaneous) (Q2)";"Physics and Astronomy"
8;21101055930;"Open Education Studies";journal;"25447831";"Walter de Gruyter GmbH";Yes;No;0,339;Q3;11;33;68;1632;89;67;0,93;49,45;61,90;0;12;Poland;Eastern Europe;"Walter de Gruyter GmbH";"2019-2025";"Social Sciences (miscellaneous) (Q2); Developmental and Educational Psychology (Q3); Education (Q3)";"Psychology; Social Sciences"
9;21101138521;"Journal of Education Culture and Society";journal;"20811640";"Pro Scientia Publica Foundation";Yes;No;0,335;Q3;14;79;221;2723;242;220;1,35;34,47;62,62;0;38;Poland;Eastern Europe;"Pro Scientia Publica Foundation";"2019-2024";"History (Q1); History and Philosophy of Science (Q2); Sociology and Political Science (Q2); Education (Q3); Psychology (miscellaneous) (Q3)";"Arts and Humanities; Psychology; Social Sciences"
10;21100790713;"European Journal of Contemporary Education (discontinued)";journal;"23049650, 23056746";"Cherkas Global University Press";Yes;No;0,331;Q3;26;128;279;4528;465;279;1,48;35,38;56,55;0;64;Slovakia;Eastern Europe;"Cherkas Global University Press";"2016-2023";"Education (Q3)";"Social Sciences"
11;21100805726;"Voprosy Obrazovaniya / Educational Studies Moscow";journal;"24124354, 18149545";"National Research University Higher School of Economics";Yes;Yes;0,330;Q3;19;40;144;1998;163;143;1,30;49,95;70,30;0;14;Russian Federation;Eastern Europe;"National Research University Higher School of Economics";"2012-2024";"Education (Q3)";"Social Sciences"
12;21100996943;"Psychological Science and Education";journal;"18142052, 23117273";"Moscow State University of Psychology and Education";Yes;Yes;0,320;Q3;17;63;177;1682;187;172;1,04;26,70;76,44;0;29;Russian Federation;Eastern Europe;"Moscow State University of Psychology and Education";"1999, 2004-2024";"Developmental and Educational Psychology (Q3); Education (Q3); Psychology (miscellaneous) (Q3); Social Psychology (Q3)";"Psychology; Social Sciences"
13;21100898602;"Vysshee Obrazovanie v Rossii";journal;"08693617, 20720459";"Moscow Polytechnic University";Yes;Yes;0,313;Q3;15;94;402;2951;373;402;0,98;31,39;65,84;0;39;Russian Federation;Eastern Europe;"Moscow Polytechnic University";"2018-2025";"Philosophy (Q1); Sociology and Political Science (Q2); Education (Q3)";"Arts and Humanities; Social Sciences"
14;21100298667;"Center for Educational Policy Studies Journal";journal;"18559719, 22322647";"University of Ljubljana";Yes;Yes;0,311;Q3;24;40;140;1633;118;126;0,94;40,83;69,05;0;13;Slovenia;Eastern Europe;"University of Ljubljana";"2011-2024";"Education (Q3)";"Social Sciences"
15;21100860011;"Physical Activity Review";journal;"23005076";"PPHU Projack";Yes;No;0,311;Q3;14;27;84;1108;104;84;1,28;41,04;40,58;0;1;Poland;Eastern Europe;"PPHU Projack";"2017-2025";"Education (Q3); Health (social science) (Q3); Orthopedics and Sports Medicine (Q3); Physical Therapy, Sports Therapy and Rehabilitation (Q3)";"Health Professions; Medicine; Social Sciences"
16;21100775661;"Physical Culture and Sport, Studies and Research";journal;"20812221, 18994849";"De Gruyter Open Ltd";Yes;No;0,309;Q3;14;32;81;2102;110;81;1,13;65,69;33,71;0;6;Poland;Eastern Europe;"De Gruyter Open Ltd";"2016-2025";"Cultural Studies (Q1); Applied Psychology (Q3); Education (Q3); Tourism, Leisure and Hospitality Management (Q3)";"Business, Management and Accounting; Psychology; Social Sciences"
17;21100829711;"ELOPE: English Language Overseas Perspectives and Enquiries";journal;"15818918, 23860316";"Ljubljana University Press";Yes;Yes;0,305;Q3;5;17;71;672;37;67;0,64;39,53;52,38;0;5;Slovenia;Eastern Europe;"Ljubljana University Press";"2015-2024";"Literature and Literary Theory (Q1); Linguistics and Language (Q2); Education (Q3)";"Arts and Humanities; Social Sciences"
18;21101037306;"Journal of Teaching English for Specific and Academic Purposes";journal;"23349182, 23349212";"University of Nis";No;No;0,305;Q3;6;56;129;1765;101;128;0,72;31,52;73,12;0;15;Serbia;Eastern Europe;"University of Nis";"2019-2025";"Education (Q3)";"Social Sciences"
19;21101030204;"Journal of Women's Entrepreneurship and Education";journal;"18211283, 24060674";"Institute of Economic Sciences";Yes;No;0,303;Q3;10;28;70;1185;116;65;1,71;42,32;55,42;0;24;Serbia;Eastern Europe;"Institute of Economic Sciences";"2019-2024";"Gender Studies (Q2); Business, Management and Accounting (miscellaneous) (Q3); Education (Q3)";"Business, Management and Accounting; Social Sciences"
20;21101042128;"Juridical Tribune";journal;"22477195, 22480382";"Bucharest University of Economic Studies";Yes;Yes;0,300;Q3;9;35;102;1196;123;102;1,67;34,17;48,61;0;19;Romania;Eastern Europe;"Bucharest University of Economic Studies";"2019-2023";"Law (Q2); Political Science and International Relations (Q2); Education (Q3); Public Administration (Q3)";"Social Sciences"
21;21100220434;"Science of Gymnastics Journal";journal;"22322639, 18557171";"University of Ljubljana Press";Yes;Yes;0,299;Q3;15;37;102;958;87;91;0,75;25,89;46,84;0;1;Slovenia;Eastern Europe;"University of Ljubljana Press";"2012-2024";"Education (Q3); Orthopedics and Sports Medicine (Q3); Physical Therapy, Sports Therapy and Rehabilitation (Q3)";"Health Professions; Medicine; Social Sciences"
22;21100857102;"Ethics and Bioethics (in Central Europe)";journal;"13385615, 24537829";"Sciendo";Yes;Yes;0,296;Q3;6;21;62;632;43;60;0,62;30,10;26,92;0;3;Poland;Eastern Europe;"Sciendo";"2017-2024";"Philosophy (Q1); Education (Q3); Health Policy (Q3)";"Arts and Humanities; Medicine; Social Sciences"
23;21101037149;"Training, Language and Culture";journal;"2521442X, 25202073";"RUDN University";Yes;Yes;0,292;Q3;11;32;83;1300;71;83;0,89;40,63;68,85;0;9;Russian Federation;Eastern Europe;"RUDN University";"2017-2024";"Cultural Studies (Q1); Linguistics and Language (Q2); Education (Q3)";"Social Sciences"
24;21100896926;"Creativity";journal;"23540036";"Sciendo";Yes;No;0,284;Q3;10;8;60;357;53;60;1,12;44,63;47,06;0;1;Poland;Eastern Europe;"Sciendo";"2018-2025";"Visual Arts and Performing Arts (Q1); Arts and Humanities (miscellaneous) (Q2); Education (Q3); Social Psychology (Q3); Statistics, Probability and Uncertainty (Q3)";"Arts and Humanities; Decision Sciences; Psychology; Social Sciences"
25;21100228035;"Psychology in Russia: State of the Art";journal;"20746857";"Russian Psychological Society";Yes;Yes;0,280;Q3;17;35;131;1769;163;131;1,19;50,54;73,63;0;13;Russian Federation;Eastern Europe;"Russian Psychological Society";"2012-2024";"Education (Q3); Psychology (miscellaneous) (Q3)";"Psychology; Social Sciences"
26;21100942842;"Physical Education Theory and Methodology";journal;"19937997, 19937989";"OVS LLC";Yes;No;0,279;Q3;16;119;183;4328;316;183;1,65;36,37;31,30;0;25;Ukraine;Eastern Europe;"OVS LLC";"2019-2024";"Education (Q3); Health (social science) (Q3); Physical Therapy, Sports Therapy and Rehabilitation (Q3); Public Health, Environmental and Occupational Health (Q3)";"Health Professions; Medicine; Social Sciences"
27;5800207863;"Eesti Rakenduslingvistika Uhingu Aastaraamat";journal;"17362563";"Estonian Association Applied Linguists";Yes;Yes;0,278;Q3;10;14;48;541;27;48;0,62;38,64;64,86;0;3;Estonia;Eastern Europe;"Estonian Association Applied Linguists";"2005-2024";"Linguistics and Language (Q2); Education (Q3)";"Social Sciences"
28;21101040604;"Pedagogy of Physical Culture and Sports";journal;"26649837";"Iermakov Sergii Sidorovich";Yes;No;0,266;Q3;11;60;145;2328;183;145;1,36;38,80;33,82;0;9;Ukraine;Eastern Europe;"Iermakov Sergii Sidorovich";"2020-2024";"Education (Q3); Orthopedics and Sports Medicine (Q3); Physical Therapy, Sports Therapy and Rehabilitation (Q3)";"Health Professions; Medicine; Social Sciences"
29;21100900514;"Obrazovanie i Nauka";journal;"19945639, 23105828";"Russian State Vocational Pedagogical University";Yes;No;0,263;Q3;16;70;212;2759;227;212;1,19;39,41;63,02;0;39;Russian Federation;Eastern Europe;"Russian State Vocational Pedagogical University";"2018-2025";"Education (Q3); Physical Therapy, Sports Therapy and Rehabilitation (Q3); Developmental and Educational Psychology (Q4)";"Health Professions; Psychology; Social Sciences"
30;21100901016;"Journal of Language and Education";journal;"24117390";"National Research University Higher School of Economics";Yes;Yes;0,257;Q3;14;51;171;2988;202;168;1,10;58,59;55,68;0;11;Russian Federation;Eastern Europe;"National Research University Higher School of Economics";"2018-2024";"Linguistics and Language (Q2); Education (Q3)";"Social Sciences"
31;7200153137;"Zbornik Instituta za Pedagoska Istrazivanja";journal;"05796431";"Institute for Educational Research";Yes;Yes;0,256;Q3;9;15;34;818;14;34;0,35;54,53;79,59;0;5;Serbia;Eastern Europe;"Institute for Educational Research";"2007-2024";"Education (Q3)";"Social Sciences"
32;21100451188;"European Journal of Adapted Physical Activity";journal;"18033857";"European Federation of Adapted Physical Activity";Yes;Yes;0,248;Q3;12;13;36;654;42;35;0,92;50,31;52,08;0;1;Czech Republic;Eastern Europe;"European Federation of Adapted Physical Activity";"2015-2024";"Education (Q3); Health (social science) (Q3); Physical Therapy, Sports Therapy and Rehabilitation (Q3); Social Psychology (Q4)";"Health Professions; Psychology; Social Sciences"
33;21101134424;"Baltic Journal of Health and Physical Activity";journal;"20801297, 20809999";"Gdansk University of Physical Education and Sport";Yes;Yes;0,246;Q3;10;33;173;1316;145;173;0,82;39,88;38,21;0;5;Poland;Eastern Europe;"Gdansk University of Physical Education and Sport";"2019-2024";"Education (Q3); Health Professions (miscellaneous) (Q3); Physical Therapy, Sports Therapy and Rehabilitation (Q3); Public Health, Environmental and Occupational Health (Q3)";"Health Professions; Medicine; Social Sciences"
34;21100898037;"Journal on Efficiency and Responsibility in Education and Science";journal;"23362375, 18031617";"Czech University of Life Sciences Prague";Yes;Yes;0,241;Q3;14;27;63;1516;83;63;1,26;56,15;49,28;0;9;Czech Republic;Eastern Europe;"Czech University of Life Sciences Prague";"2008-2024";"Education (Q3)";"Social Sciences"
35;21100837232;"Epistemology and Philosophy of Science";journal;"1811833X, 23117133";"Institute of Philosophy, Russian Academy of Sciences";Yes;No;0,240;Q3;10;66;203;1498;48;201;0,22;22,70;29,82;0;2;Russian Federation;Eastern Europe;"Institute of Philosophy, Russian Academy of Sciences";"2017-2024";"Cultural Studies (Q1); Arts and Humanities (miscellaneous) (Q2); History and Philosophy of Science (Q2); Philosophy (Q2); Education (Q3)";"Arts and Humanities; Social Sciences"
36;21100831441;"TEM Journal";journal;"22178309, 22178333";"UIKTEN - Association for Information Communication Technology Education and Science";Yes;No;0,238;Q3;26;282;725;9343;963;725;1,25;33,13;41,01;0;104;Serbia;Eastern Europe;"UIKTEN - Association for Information Communication Technology Education and Science";"2017-2024";"Computer Science (miscellaneous) (Q3); Education (Q3); Information Systems and Management (Q3); Management of Technology and Innovation (Q3); Strategy and Management (Q3); Information Systems (Q4)";"Business, Management and Accounting; Computer Science; Decision Sciences; Social Sciences"
37;21100840458;"Periodicals of Engineering and Natural Sciences";journal;"23034521";"International University of Sarajevo";Yes;No;0,235;Q3;27;103;699;3033;723;698;1,08;29,45;37,66;0;29;Bosnia and Herzegovina;Eastern Europe;"International University of Sarajevo";"2017-2025";"Architecture (Q2); Computer Science (miscellaneous) (Q3); Education (Q3); Electrical and Electronic Engineering (Q3); Industrial and Manufacturing Engineering (Q3); Mechanical Engineering (Q3); Bioengineering (Q4); Biomedical Engineering (Q4)";"Chemical Engineering; Computer Science; Engineering; Social Sciences"
38;19900193932;"Informacios Tarsadalom";journal;"15878694";"Infonia";No;No;0,232;-;7;25;86;991;63;84;0,79;39,64;56,10;0;7;Hungary;Eastern Europe;"Infonia";"2008-2024";"Communication (Q3)";"Social Sciences"
39;21100970321;"Chemistry, Didactics, Ecology, Metrology";journal;"16409019, 20844506";"Sciendo";No;No;0,223;Q3;5;10;40;499;34;40;0,80;49,90;48,39;0;4;Poland;Eastern Europe;"Sciendo";"2019-2023";"Ecology (Q3); Education (Q3); Environmental Engineering (Q3); Environmental Chemistry (Q4)";"Environmental Science; Social Sciences"
40;21100229177;"Journal of Psychological and Educational Research";journal;"22471537";"Editura Universitati din Oradea";No;No;0,220;Q3;11;17;47;711;36;46;0,84;41,82;52,50;0;7;Romania;Eastern Europe;"Editura Universitati din Oradea";"2011-2024";"Education (Q3); Applied Psychology (Q4); Developmental and Educational Psychology (Q4)";"Psychology; Social Sciences"
41;21100827888;"Studia Paedagogica";journal;"18037437, 23364521";"Masaryk University, Faculty of Arts";Yes;Yes;0,214;Q3;9;19;88;887;58;87;0,48;46,68;63,33;0;5;Czech Republic;Eastern Europe;"Masaryk University, Faculty of Arts";"2017-2024";"Education (Q3)";"Social Sciences"
42;21100203318;"Cardiovascular Therapy and Prevention (Russian Federation)";journal;"17288800";"Vserossiiskoe Obshchestvo Kardiologov";Yes;Yes;0,212;Q3;26;246;521;5580;536;507;1,11;22,68;65,66;0;140;Russian Federation;Eastern Europe;"Vserossiiskoe Obshchestvo Kardiologov";"2011-2024";"Education (Q3); Cardiology and Cardiovascular Medicine (Q4)";"Medicine; Social Sciences"
43;21100780996;"Psychology, Journal of the Higher School of Economics";journal;"18138918";"National Research University Higher School of Economics";No;No;0,206;Q3;10;51;148;1648;101;147;0,74;32,31;72,12;0;11;Russian Federation;Eastern Europe;"National Research University Higher School of Economics";"2016-2024";"Cultural Studies (Q2); Education (Q3); Psychology (miscellaneous) (Q4)";"Psychology; Social Sciences"
44;21100792737;"International Journal of Cognitive Research in Science, Engineering and Education";journal;"2334847X, 23348496";"Association for the Development of Science, Engineering and Education";Yes;No;0,205;Q4;17;44;132;1868;96;125;0,72;42,45;56,80;1;20;Serbia;Eastern Europe;"Association for the Development of Science, Engineering and Education";"2013-2024";"Cognitive Neuroscience (Q4); Education (Q4); Experimental and Cognitive Psychology (Q4)";"Neuroscience; Psychology; Social Sciences"
45;21101066748;"Health, Sport, Rehabilitation";journal;"25202677, 25202685";"Springer Nature";Yes;No;0,200;Q4;8;35;84;1411;75;84;1,07;40,31;33,57;0;8;Ukraine;Eastern Europe;"Springer Nature";"2019-2024";"Complementary and Manual Therapy (Q3); Occupational Therapy (Q3); Physical Therapy, Sports Therapy and Rehabilitation (Q3); Rehabilitation (Q3); Education (Q4); Orthopedics and Sports Medicine (Q4)";"Health Professions; Medicine; Social Sciences"
46;21101072016;"Neofilolog";journal;"14292173, 25453971";"Polskie Towarzystwo Neofilologiczne";Yes;Yes;0,200;Q4;4;52;120;1315;31;110;0,20;25,29;75,00;0;9;Poland;Eastern Europe;"Polskie Towarzystwo Neofilologiczne";"2019-2024";"Linguistics and Language (Q2); Education (Q4)";"Social Sciences"
47;19700177335;"Didactica Slovenica - Pedagoska Obzorja";journal;"03531392";"Pedagoska Obzorja d.o.o";No;No;0,195;Q4;7;25;89;997;66;85;0,66;39,88;93,02;0;9;Slovenia;Eastern Europe;"Pedagoska Obzorja d.o.o";"2008-2023";"Education (Q4)";"Social Sciences"
48;21100886400;"Education and Self Development";journal;"19917740";"Kazan Federal University";Yes;No;0,195;Q4;10;56;189;1642;143;175;0,67;29,32;76,22;0;25;Russian Federation;Eastern Europe;"Kazan Federal University";"2018-2024";"Development (Q3); Political Science and International Relations (Q3); Education (Q4)";"Social Sciences"
49;21100264880;"Orbis Scholae";journal;"18024637, 23363177";"Karolinum - Nakladatelstvi Univerzity Karlovy";Yes;Yes;0,194;Q4;12;19;48;775;30;41;0,26;40,79;79,31;0;1;Czech Republic;Eastern Europe;"Karolinum - Nakladatelstvi Univerzity Karlovy";"2007-2011, 2013-2024";"Education (Q4)";"Social Sciences"
50;5700169467;"Sodobna Pedagogika/Journal of Contemporary Educational Studies";journal;"00380474";"Association of Slovenian Educationalists";No;No;0,194;Q4;8;43;163;1492;70;151;0,41;34,70;77,05;0;18;Slovenia;Eastern Europe;"Association of Slovenian Educationalists";"2015-2024";"Education (Q4)";"Social Sciences"
51;21101173092;"Vestnik Volgogradskogo Gosudarstvennogo Universiteta. Seriya 2. Yazykoznanie";journal;"24091979, 19989911";"Volgograd State University";Yes;Yes;0,193;Q4;3;82;82;2542;17;82;0,21;31,00;80,15;0;9;Russian Federation;Eastern Europe;"Volgograd State University";"2022-2024";"Linguistics and Language (Q2); Education (Q4)";"Social Sciences"
52;21100258947;"Teoriya i Praktika Fizicheskoy Kultury";journal;"00403601";"Committee on Physical Culture and Sports of the Council of Ministers of the USSR";No;No;0,192;Q4;14;593;1446;2978;230;1350;0,17;5,02;59,45;0;64;Russian Federation;Eastern Europe;"Committee on Physical Culture and Sports of the Council of Ministers of the USSR";"1955, 1961, 2012-2025";"Education (Q4); Physical Therapy, Sports Therapy and Rehabilitation (Q4)";"Health Professions; Social Sciences"
53;21100896893;"Frontiers of Nursing";journal;"25448994";"Sciendo";Yes;Yes;0,191;Q4;9;50;144;1685;82;144;0,51;33,70;60,56;0;17;Poland;Eastern Europe;"Sciendo";"2018-2024";"Nursing (miscellaneous) (Q3); Education (Q4)";"Nursing; Social Sciences"
54;21100896882;"Journal of Educational and Social Research";journal;"2239978X, 22400524";"Richtmann Publishing Ltd";No;No;0,188;Q4;15;170;444;6234;334;444;0,77;36,67;46,80;0;69;Poland;Eastern Europe;"Richtmann Publishing Ltd";"2018-2025";"Social Sciences (miscellaneous) (Q3); Education (Q4)";"Social Sciences"
55;21100927241;"Acta Paedagogica Vilnensia";journal;"13925016, 1648665X";"Vilnius University Press";Yes;Yes;0,186;Q4;5;23;78;908;37;73;0,43;39,48;67,74;0;8;Lithuania;Eastern Europe;"Vilnius University Press";"2019-2024";"Education (Q4)";"Social Sciences"
56;14000156183;"Croatian Journal of Education";journal;"18485197, 18485189";"Faculty of Teacher Education, University of Zagreb";Yes;No;0,184;Q4;15;42;187;2112;80;163;0,36;50,29;65,98;1;21;Croatia;Eastern Europe;"Faculty of Teacher Education, University of Zagreb";"2011-2024";"Education (Q4)";"Social Sciences"
57;21100790339;"Integration of Education";journal;"19919468, 23081058";"National Research Ogarev Mordovia State University";Yes;Yes;0,183;Q4;12;38;116;1366;89;116;0,70;35,95;73,33;0;22;Russian Federation;Eastern Europe;"National Research Ogarev Mordovia State University";"2016-2024";"Cultural Studies (Q2); Linguistics and Language (Q2); Developmental and Educational Psychology (Q4); Education (Q4)";"Psychology; Social Sciences"
58;21100900142;"Theory and Practice of Second Language Acquisition";journal;"24505455, 24512125";"University of Silesia Press in Katowice";Yes;Yes;0,183;Q4;6;23;48;989;29;43;0,66;43,00;85,29;0;5;Poland;Eastern Europe;"University of Silesia Press in Katowice";"2018-2024";"Linguistics and Language (Q2); Developmental and Educational Psychology (Q4); Education (Q4)";"Psychology; Social Sciences"
59;12900154728;"New Educational Review";journal;"17326729";"Adam Marszalek Publishing House";No;No;0,180;Q4;18;70;211;1480;98;207;0,48;21,14;66,26;0;17;Poland;Eastern Europe;"Adam Marszalek Publishing House";"2008-2024";"Education (Q4)";"Social Sciences"
60;21101090412;"Historia Scholastica";journal;"2336680X, 18044913";"Comenius National Pedagogical Library";Yes;Yes;0,178;Q4;2;25;46;1055;12;43;0,26;42,20;47,06;0;7;Czech Republic;Eastern Europe;"Comenius National Pedagogical Library";"2019-2024";"History (Q2); Social Sciences (miscellaneous) (Q3); Education (Q4)";"Arts and Humanities; Social Sciences"
61;21100910239;"Journal of Elementary Education";journal;"23504803, 18554431";"University of Maribor Press";Yes;Yes;0,178;Q4;8;37;97;1171;47;96;0,39;31,65;77,97;0;11;Slovenia;Eastern Europe;"University of Maribor Press";"2015-2024";"Developmental and Educational Psychology (Q4); Education (Q4)";"Psychology; Social Sciences"
62;11700154706;"Pedagogika";journal;"20290551, 13920340";"Vytautas Magnus University";Yes;Yes;0,171;Q4;11;45;149;2182;75;147;0,42;48,49;68,93;1;15;Lithuania;Eastern Europe;"Vytautas Magnus University";"2008-2025";"Education (Q4)";"Social Sciences"
63;21100873638;"Philologia Estonica Tallinnensis";journal;"25046624, 25046616";"Tallinn University";Yes;No;0,171;Q4;5;10;30;341;9;28;0,39;34,10;100,00;0;1;Estonia;Eastern Europe;"Tallinn University";"2016-2024";"Literature and Literary Theory (Q1); Linguistics and Language (Q2); Education (Q4)";"Arts and Humanities; Social Sciences"
64;21101037305;"Russian Psychological Journal";journal;"18121853, 24115789";"Russian Psychological Society";Yes;No;0,168;Q4;5;63;113;2734;64;113;0,67;43,40;67,82;0;17;Russian Federation;Eastern Europe;"Russian Psychological Society";"2019-2024";"Education (Q4); Psychology (miscellaneous) (Q4)";"Psychology; Social Sciences"
65;21100888252;"Perspektivy Nauki i Obrazovania";journal;"23072334";"LLC Ecological Help";No;No;0,162;Q4;10;263;679;9542;309;679;0,49;36,28;72,85;0;137;Russian Federation;Eastern Europe;"LLC Ecological Help";"2018-2024";"Philosophy (Q2); Education (Q4)";"Arts and Humanities; Social Sciences"
66;35961;"Glasnik - Srpskog Geografskog Drustva";journal;"2406078X, 03503593";"Geografsko Drustvo";Yes;Yes;0,160;Q4;6;41;54;1431;28;54;0,43;34,90;48,68;0;24;Serbia;Eastern Europe;"Geografsko Drustvo";"1981-1984, 2019-2024";"Atmospheric Science (Q4); Education (Q4); Geography, Planning and Development (Q4); Geology (Q4); Global and Planetary Change (Q4)";"Earth and Planetary Sciences; Environmental Science; Social Sciences"
67;19400158636;"Sociologija i Prostor";journal;"18465226";"Institute for Social Research in Zagreb";Yes;No;0,159;Q4;12;25;89;1073;41;78;0,50;42,92;56,45;0;10;Croatia;Eastern Europe;"Institute for Social Research in Zagreb";"2009-2024";"Sociology and Political Science (Q3); Urban Studies (Q3); Education (Q4); Geography, Planning and Development (Q4)";"Social Sciences"
68;21101125267;"Russian Language at School";journal;"26190966, 01316141";"Nash Language Limited Liability Company";No;No;0,157;Q4;3;63;209;654;10;206;0,06;10,38;77,22;0;2;Russian Federation;Eastern Europe;"Nash Language Limited Liability Company";"2019-2025";"Linguistics and Language (Q3); Education (Q4)";"Social Sciences"
69;14008;"Hrvatska Revija Za Rehabilitacijska Istrazivanja";journal;"13313010";"University of Zagreb, Faculty of Education and Rehabilitation Sciences";Yes;Yes;0,149;Q4;13;15;72;821;23;69;0,37;54,73;90,24;0;7;Croatia;Eastern Europe;"University of Zagreb, Faculty of Education and Rehabilitation Sciences";"1999-2006, 2008-2024";"Education (Q4); Health (social science) (Q4); Rehabilitation (Q4); Social Sciences (miscellaneous) (Q4)";"Medicine; Social Sciences"
70;21100781490;"Studies About Languages";journal;"16482824, 20297203";"Kauno Technologijos Universitetas";Yes;Yes;0,146;Q4;7;16;48;633;13;48;0,25;39,56;73,91;0;2;Lithuania;Eastern Europe;"Kauno Technologijos Universitetas";"2016-2024";"Archeology (arts and humanities) (Q3); Linguistics and Language (Q3); Education (Q4)";"Arts and Humanities; Social Sciences"
71;21100881506;"Przestrzen Spoleczna";journal;"20841558, 20847696";"";Yes;No;0,146;-;7;0;84;0;36;77;0,45;0,00;0,00;0;0;Poland;Eastern Europe;"";"2018-2022";"Cultural Studies (Q2); Demography (Q4); Economics, Econometrics and Finance (miscellaneous) (Q4); Geography, Planning and Development (Q4); Social Psychology (Q4); Social Sciences (miscellaneous) (Q4); Sociology and Political Science (Q4); Urban Studies (Q4)";"Economics, Econometrics and Finance; Psychology; Social Sciences"
72;21101124730;"Neonatology";journal;"23082402, 26587424";"Geotar Media Publishing Group";No;No;0,144;Q4;5;43;109;1424;40;105;0,21;33,12;70,90;0;6;Russian Federation;Eastern Europe;"Geotar Media Publishing Group";"2019-2024";"Family Practice (Q3); Education (Q4); Medicine (miscellaneous) (Q4); Pediatrics, Perinatology and Child Health (Q4)";"Medicine; Social Sciences"
73;21100925826;"Specijalna Edukacija i Rehabilitacija";journal;"14527367, 24061328";"University of Belgrade - Faculty of Special Education and Rehabilitation";Yes;Yes;0,144;Q4;4;21;52;973;14;52;0,22;46,33;67,86;0;10;Serbia;Eastern Europe;"University of Belgrade - Faculty of Special Education and Rehabilitation";"2018-2024";"Developmental and Educational Psychology (Q4); Education (Q4)";"Psychology; Social Sciences"
74;21101034439;"Studia Sportiva";journal;"25708783, 18027679";"Masaryk University Faculty of Sports Studies";No;No;0,141;Q4;4;30;70;993;27;70;0,36;33,10;29,07;0;7;Czech Republic;Eastern Europe;"Masaryk University Faculty of Sports Studies";"2019-2024";"Applied Psychology (Q4); Education (Q4); Health (social science) (Q4); Orthopedics and Sports Medicine (Q4); Physical Therapy, Sports Therapy and Rehabilitation (Q4); Tourism, Leisure and Hospitality Management (Q4)";"Business, Management and Accounting; Health Professions; Medicine; Psychology; Social Sciences"
75;21100851349;"Metodicki Ogledi";journal;"18482325, 0353765X";"Croatian Philosophical Society";No;No;0,134;Q4;4;23;66;956;21;65;0,33;41,57;76,32;0;4;Croatia;Eastern Europe;"Croatian Philosophical Society";"2017-2024";"Philosophy (Q3); Education (Q4)";"Arts and Humanities; Social Sciences"
76;12100156089;"Ljetopis Socijalnog Rada";journal;"18465412";"University of Zagreb";Yes;Yes;0,133;Q4;12;22;79;1140;19;71;0,18;51,82;86,84;0;5;Croatia;Eastern Europe;"University of Zagreb";"2008-2024";"Developmental and Educational Psychology (Q4); Education (Q4); Social Work (Q4); Sociology and Political Science (Q4)";"Psychology; Social Sciences"
77;21100976733;"Przeglad Rusycystyczny";journal;"0137298X";"Polskie Towarzystwo Rusycystyczne";Yes;Yes;0,133;Q4;2;58;172;1414;13;167;0,07;24,38;71,67;0;4;Poland;Eastern Europe;"Polskie Towarzystwo Rusycystyczne";"2019-2024";"Literature and Literary Theory (Q2); Cultural Studies (Q3); Linguistics and Language (Q3); Philosophy (Q3); Education (Q4)";"Arts and Humanities; Social Sciences"
78;21101119578;"Philological Class";journal;"20712405, 26585235";"Ural State Pedagogical University";Yes;Yes;0,132;Q4;3;86;285;2014;24;283;0,09;23,42;78,95;0;6;Russian Federation;Eastern Europe;"Ural State Pedagogical University";"2019-2024";"Literature and Literary Theory (Q2); Linguistics and Language (Q3); Education (Q4)";"Arts and Humanities; Social Sciences"
79;21100265696;"International Journal of Euro-Mediterranean Studies";journal;"22326022, 18553362";"EMUNI University";Yes;Yes;0,131;Q4;5;13;31;374;9;29;0,28;28,77;52,17;0;8;Slovenia;Eastern Europe;"EMUNI University";"2012-2024";"History (Q3); Economics and Econometrics (Q4); Education (Q4); Political Science and International Relations (Q4); Sociology and Political Science (Q4)";"Arts and Humanities; Economics, Econometrics and Finance; Social Sciences"
80;21101034433;"Musical Art and Education";journal;"23091428";"Moscow Pedagogical State University";Yes;No;0,125;Q4;5;39;124;946;40;124;0,34;24,26;83,33;0;7;Russian Federation;Eastern Europe;"Moscow Pedagogical State University";"2019-2024";"Music (Q3); Developmental and Educational Psychology (Q4); Education (Q4)";"Arts and Humanities; Psychology; Social Sciences"
81;21101047721;"Human Research in Rehabilitation";journal;"22329935, 2232996X";"Institute for Human Rehabilitation";Yes;Yes;0,123;Q4;4;38;56;1158;13;55;0,26;30,47;64,47;0;16;Bosnia and Herzegovina;Eastern Europe;"Institute for Human Rehabilitation";"2019-2024";"Education (Q4); Rehabilitation (Q4); Social Psychology (Q4)";"Medicine; Psychology; Social Sciences"
82;21101038734;"Infectious Diseases: News, Opinions, Training";journal;"26587394, 23053496";"Geotar Media Publishing Group";No;No;0,123;Q4;8;66;207;1643;66;205;0,30;24,89;59,53;1;51;Russian Federation;Eastern Europe;"Geotar Media Publishing Group";"2019-2024";"Education (Q4); Immunology and Allergy (Q4); Infectious Diseases (Q4)";"Medicine; Social Sciences"
83;21101052865;"Detskie Chtenia";journal;"26867052, 23045817";"Institute of Russian Literature (The Pushkin House), Russian Academy of Sciences";Yes;Yes;0,122;Q4;3;42;124;672;4;117;0,04;16,00;75,51;0;4;Russian Federation;Eastern Europe;"Institute of Russian Literature (The Pushkin House), Russian Academy of Sciences";"2019-2024";"Literature and Literary Theory (Q2); Education (Q4)";"Arts and Humanities; Social Sciences"
84;21100455214;"Caritas et Veritas";journal;"18050948";"University of South Bohemia";Yes;No;0,121;Q4;3;18;86;875;6;81;0,07;48,61;47,62;0;0;Czech Republic;Eastern Europe;"University of South Bohemia";"2015-2024";"Philosophy (Q3); Religious Studies (Q3); Education (Q4); Sociology and Political Science (Q4)";"Arts and Humanities; Social Sciences"
85;21101145499;"Slobozhanskyi Herald of Science and Sport";journal;"23116374, 19910177";"Kharkiv State Academy of Physical Culture";Yes;Yes;0,120;Q4;6;25;163;911;22;163;0,17;36,44;52,48;0;5;Ukraine;Eastern Europe;"Kharkiv State Academy of Physical Culture";"2019-2024";"Education (Q4); Physical Therapy, Sports Therapy and Rehabilitation (Q4)";"Health Professions; Social Sciences"
86;21101039065;"Ethics in Progress";journal;"20849257";"Adam Mickiewicz University, Faculty of Philosophy";Yes;Yes;0,115;Q4;6;18;57;743;7;56;0,18;41,28;61,29;0;2;Poland;Eastern Europe;"Adam Mickiewicz University, Faculty of Philosophy";"2010-2024";"Philosophy (Q3); Developmental and Educational Psychology (Q4); Education (Q4); Psychology (miscellaneous) (Q4)";"Arts and Humanities; Psychology; Social Sciences"
87;21100223584;"Specialusis Ugdymas";journal;"24243299, 13925369";"Vilnius University Press";Yes;Yes;0,113;Q4;7;6;22;185;5;21;0,25;30,83;100,00;0;2;Lithuania;Eastern Europe;"Vilnius University Press";"2016-2024";"Developmental and Educational Psychology (Q4); Education (Q4)";"Psychology; Social Sciences"
88;21101039071;"Acta Facultatis Philosophicae Universitatis Ostravienis Studia Germanistica";journal;"25710273, 1803408X";"University of Ostrava, Faculty of Arts";Yes;Yes;0,111;Q4;2;15;47;508;8;47;0,21;33,87;44,44;0;0;Czech Republic;Eastern Europe;"University of Ostrava, Faculty of Arts";"2019-2024";"Literature and Literary Theory (Q3); Cultural Studies (Q4); Education (Q4); Linguistics and Language (Q4)";"Arts and Humanities; Social Sciences"
89;21101038532;"Ukrainian Journal of Radiology and Oncology";journal;"27087166, 27087174";"Grigoriev Institute for medical Radiology and Oncology NAMS of Ukraine";Yes;No;0,111;Q4;4;32;102;1166;15;102;0,20;36,44;56,10;0;26;Ukraine;Eastern Europe;"Grigoriev Institute for medical Radiology and Oncology NAMS of Ukraine";"2020-2024";"Education (Q4); Oncology (Q4); Radiological and Ultrasound Technology (Q4); Radiology, Nuclear Medicine and Imaging (Q4)";"Health Professions; Medicine; Social Sciences"
90;21100913650;"Teaching of Mathematics";journal;"14514966, 24061077";"Drustvo Matematicara Srbije";Yes;Yes;0,108;Q4;10;10;31;118;7;28;0,21;11,80;28,57;0;0;Serbia;Eastern Europe;"Drustvo Matematicara Srbije";"1998-2024";"Education (Q4); Mathematics (miscellaneous) (Q4)";"Mathematics; Social Sciences"
91;19600157337;"Acta Comeniana";journal;"02315955";"Academy of Sciences of the Czech Republic";No;No;0,103;Q4;4;0;15;0;1;15;0,00;0,00;0,00;0;0;Czech Republic;Eastern Europe;"Academy of Sciences of the Czech Republic";"2005, 2007, 2009-2022";"Cultural Studies (Q4); Education (Q4); History (Q4); Philosophy (Q4); Religious Studies (Q4)";"Arts and Humanities; Social Sciences"
92;21101063020;"Journal of Linguistic and Intercultural Education";journal;"20656599";"Universitatea "1 Decembrie 1918" Alba Iulia";No;No;0,103;Q4;2;0;56;0;2;54;0,05;0,00;0,00;0;0;Romania;Eastern Europe;"Universitatea "1 Decembrie 1918" Alba Iulia";"2019-2022";"Education (Q4); Linguistics and Language (Q4)";"Social Sciences"
93;21101154815;"Rocznik Teologii Katolickiej";journal;"16448855";"Department of Catholic Theology, University of Bialystok";No;No;0,102;Q4;2;16;41;349;1;41;0,04;21,81;34,62;0;0;Poland;Eastern Europe;"Department of Catholic Theology, University of Bialystok";"2019-2023";"Education (Q4); History (Q4); Philosophy (Q4); Religious Studies (Q4)";"Arts and Humanities; Social Sciences"
94;21100996952;"Annales Universitates Paedagogicae Cracoviensis. Studia ad Didacticam Mathematicae Pertinentia";journal;"20809751, 2450341X";"Uniwersytet Pedagogiczny";Yes;No;0,101;Q4;3;9;38;175;0;38;0,00;19,44;61,90;0;0;Poland;Eastern Europe;"Uniwersytet Pedagogiczny";"2019-2023";"Education (Q4); Mathematics (miscellaneous) (Q4)";"Mathematics; Social Sciences"
95;21100332241;"Aussiger Beitrage";journal;"18026419";"Jan-Evangelista-Purkyne-University";No;No;0,101;Q4;3;12;53;370;3;45;0,08;30,83;73,33;0;0;Czech Republic;Eastern Europe;"Jan-Evangelista-Purkyne-University";"2013-2024";"Education (Q4); Linguistics and Language (Q4); Literature and Literary Theory (Q4)";"Arts and Humanities; Social Sciences"
96;21100874728;"In Esse: English Studies in Albania";journal;"20787413";"Albanian Society for the Study of English";No;No;0,101;Q4;2;11;32;199;1;29;0,00;18,09;85,71;0;0;Albania;Eastern Europe;"Albanian Society for the Study of English";"2017-2024";"Education (Q4); Linguistics and Language (Q4); Literature and Literary Theory (Q4)";"Arts and Humanities; Social Sciences"
97;21101049681;"Verbum (Lithuania)";journal;"20296223, 25388746";"Vilnius University Press";Yes;Yes;0,101;Q4;2;6;22;237;2;21;0,14;39,50;57,14;0;0;Lithuania;Eastern Europe;"Vilnius University Press";"2019-2025";"Education (Q4); Linguistics and Language (Q4)";"Social Sciences"
98;21101155946;"Acta Universitatis Lodziensis. Folia Historica";journal;"24506990, 02086050";"Lodz University Press";Yes;Yes;0,100;Q4;1;38;86;1519;0;81;0,00;39,97;22,22;0;4;Poland;Eastern Europe;"Lodz University Press";"2020-2024";"Arts and Humanities (miscellaneous) (Q4); Education (Q4); History (Q4)";"Arts and Humanities; Social Sciences"
99;21101226103;"Acta Iadertina";journal;"18453392, 18491243";"University of Zadar";No;No;;-;2;10;40;355;8;39;0,14;35,50;83,33;0;0;Croatia;Eastern Europe;"University of Zadar";"2020-2024";"Education; Philosophy; Social Sciences (miscellaneous)";"Arts and Humanities; Social Sciences"
100;21101248337;"Advanced Education";journal;"24093351, 24108286";"National Technical University of Ukraine Igor Sikorsky Kyiv Polytechnic Institute";Yes;No;;-;7;23;91;939;77;91;0,89;40,83;66,67;0;0;Ukraine;Eastern Europe;"National Technical University of Ukraine Igor Sikorsky Kyiv Polytechnic Institute";"2020-2024";"Education";"Social Sciences"
101;21101192681;"Bosniaca";journal;"15125033, 23038888";"National and University Library of Bosnia and Herzegovina";Yes;Yes;;-;1;13;13;317;0;12;0,00;24,38;90,48;0;3;Bosnia and Herzegovina;Eastern Europe;"National and University Library of Bosnia and Herzegovina";"2022-2024";"Cultural Studies; Education; Social Sciences (miscellaneous)";"Social Sciences"
102;21101262994;"Kinesiologia Slovenica";journal;"13182269, 22324062";"University of Ljubljana";No;No;;-;4;36;90;1580;27;87;0,30;43,89;28,30;0;0;Slovenia;Eastern Europe;"University of Ljubljana";"2020-2024";"Anthropology; Education; Health (social science)";"Social Sciences"
103;21101216643;"Magistra Iadertina";journal;"18490018, 18463606";"University of Zadar Department of Teacher and Preschool Teacher Education";Yes;Yes;;-;1;13;32;373;3;32;0,05;28,69;86,96;0;0;Croatia;Eastern Europe;"University of Zadar Department of Teacher and Preschool Teacher Education";"2020-2024";"Arts and Humanities (miscellaneous); Education";"Arts and Humanities; Social Sciences"
104;21101181929;"Mathematics and Education in Mathematics";journal;"13133330, 28154002";"Union of Bulgarian Mathematicians";No;No;;-;3;22;89;156;1;84;0,02;7,09;45,83;0;2;Bulgaria;Eastern Europe;"Union of Bulgarian Mathematicians";"2019-2024";"Applied Mathematics; Computer Science (miscellaneous); Education; Mathematics (miscellaneous)";"Computer Science; Mathematics; Social Sciences"
105;21101268226;"National Psychological Journal";journal;"20796617, 23099828";"Lomonosov Moscow State University";Yes;Yes;;-;4;51;55;1606;16;55;0,14;31,49;71,31;0;0;Russian Federation;Eastern Europe;"Lomonosov Moscow State University";"2020-2021, 2023-2024";"Applied Psychology; Education; Experimental and Cognitive Psychology; Psychology (miscellaneous)";"Psychology; Social Sciences"
106;21101200961;"Odesa Medical Journal";journal;"22262008";"Odesa National Medical University";No;No;;-;2;60;60;1109;3;60;0,05;18,48;61,06;0;27;Ukraine;Eastern Europe;"Odesa National Medical University";"2019, 2021-2024";"Dentistry (miscellaneous); Education; Medicine (miscellaneous); Pharmacology (medical)";"Dentistry; Medicine; Social Sciences"
107;21101204532;"Prace Literaturoznawcze";journal;"24500798, 23535164";"University of Warmia and Mazury";No;No;;-;1;22;60;529;0;59;0,00;24,05;70,00;0;3;Poland;Eastern Europe;"University of Warmia and Mazury";"2020-2024";"Education; Linguistics and Language; Literature and Literary Theory";"Arts and Humanities; Social Sciences"
108;21101204644;"Rehabilitation and Recreation";journal;"27868354, 27868346";"Publishing House Helvetica";No;No;;-;5;114;93;1814;29;93;0,31;15,91;64,29;0;23;Ukraine;Eastern Europe;"Publishing House Helvetica";"2022-2024";"Education; Physical Therapy, Sports Therapy and Rehabilitation; Rehabilitation";"Health Professions; Medicine; Social Sciences"
109;21101195782;"Ukrainian Journal of Cardiology";journal;"1608635X, 26644479";"National Scientific Center Academician M D Strazhesko Institute of Cardiology of the National Academy of Medical Sciences of Ukraine";No;No;;-;4;24;99;573;8;99;0,11;23,88;55,56;0;17;Ukraine;Eastern Europe;"National Scientific Center Academician M D Strazhesko Institute of Cardiology of the National Academy of Medical Sciences of Ukraine";"2019-2024";"Cardiology and Cardiovascular Medicine; Education; Emergency Medical Services; Internal Medicine";"Health Professions; Medicine; Social Sciences"
