Rank;Sourceid;Title;Type;Issn;Publisher;Open Access;Open Access Diamond;SJR;SJR Quartile;H index;Total Docs. (2024);Total Docs. (3years);Total Refs.;Total Citations (3years);Citable Docs. (3years);Citations / Doc. (2years);Ref. / Doc.;%Female;Overton;SDG;Country;Region;Publisher;Coverage;Categories;Areas
1;15631;"International Journal of Information Management";journal;"02684012";"Elsevier Ltd";No;No;6,260;Q1;196;85;334;9424;11357;313;33,30;110,87;31,92;2;14;United Kingdom;Western Europe;"Elsevier Ltd";"1970, 1986-2025";"Artificial Intelligence (Q1); Computer Networks and Communications (Q1); Information Systems (Q1); Information Systems and Management (Q1); Library and Information Sciences (Q1); Management Information Systems (Q1); Marketing (Q1)";"Business, Management and Accounting; Computer Science; Decision Sciences; Social Sciences"
2;21101007236;"Nature Machine Intelligence";journal;"25225839";"Springer International Publishing";Yes;No;5,876;Q1;94;177;484;9104;9769;353;18,44;51,44;27,87;2;20;Switzerland;Western Europe;"Springer International Publishing";"2019-2025";"Artificial Intelligence (Q1); Computer Networks and Communications (Q1); Computer Vision and Pattern Recognition (Q1); Human-Computer Interaction (Q1); Software (Q1)";"Computer Science"
3;21101074919;"Computers and Education: Artificial Intelligence";journal;"2666920X";"Elsevier B.V.";Yes;No;5,217;Q1;51;140;180;9490;5897;179;30,12;67,79;38,94;2;44;Netherlands;Western Europe;"Elsevier B.V.";"2020-2025";"Artificial Intelligence (Q1); Computer Science Applications (Q1); Education (Q1)";"Computer Science; Social Sciences"
4;72242;"International Journal of Computer Vision";journal;"09205691, 15731405";"Springer Netherlands";No;No;3,136;Q1;232;373;486;29783;9156;476;12,79;79,85;27,85;0;13;Netherlands;Western Europe;"Springer Netherlands";"1987-2025";"Artificial Intelligence (Q1); Computer Vision and Pattern Recognition (Q1); Software (Q1)";"Computer Science"
5;24141;"Artificial Intelligence Review";journal;"02692821, 15737462";"Springer Netherlands";No;No;3,010;Q1;138;348;760;43594;15730;759;19,58;125,27;30,70;4;74;Netherlands;Western Europe;"Springer Netherlands";"1986-2025";"Artificial Intelligence (Q1); Linguistics and Language (Q1)";"Computer Science; Social Sciences"
6;13017;"Physics of Life Reviews";journal;"18731457, 15710645";"Elsevier B.V.";No;No;2,384;Q1;77;143;308;8588;680;42;2,30;60,06;32,19;0;12;Netherlands;Western Europe;"Elsevier B.V.";"2004-2025";"Agricultural and Biological Sciences (miscellaneous) (Q1); Artificial Intelligence (Q1); Physics and Astronomy (miscellaneous) (Q1)";"Agricultural and Biological Sciences; Computer Science; Physics and Astronomy"
7;21101081610;"International Journal of Information Management Data Insights";journal;"26670968";"Elsevier B.V.";Yes;No;2,302;Q1;48;92;202;7510;3662;201;15,11;81,63;27,94;0;34;Netherlands;Western Europe;"Elsevier B.V.";"2021-2025";"Artificial Intelligence (Q1); Industrial and Manufacturing Engineering (Q1); Information Systems (Q1); Information Systems and Management (Q1); Library and Information Sciences (Q1); Management Information Systems (Q1)";"Business, Management and Accounting; Computer Science; Decision Sciences; Engineering; Social Sciences"
8;24823;"Pattern Recognition";journal;"00313203";"Elsevier Ltd";No;No;2,058;Q1;257;851;1955;39457;19851;1953;9,84;46,37;30,40;0;31;United Kingdom;Western Europe;"Elsevier Ltd";"1968-2025";"Artificial Intelligence (Q1); Computer Vision and Pattern Recognition (Q1); Signal Processing (Q1); Software (Q1)";"Computer Science"
9;21101047378;"Energy and AI";journal;"26665468";"Elsevier B.V.";Yes;No;2,000;Q1;44;144;233;8670;2909;230;12,60;60,21;21,32;1;103;Netherlands;Western Europe;"Elsevier B.V.";"2020-2025";"Artificial Intelligence (Q1); Energy (miscellaneous) (Q1); Engineering (miscellaneous) (Q1)";"Computer Science; Energy; Engineering"
10;23640;"Advanced Engineering Informatics";journal;"14740346";"Elsevier Ltd";No;No;1,993;Q1;124;661;882;40197;10777;875;11,86;60,81;28,72;1;173;United Kingdom;Western Europe;"Elsevier Ltd";"2002-2025";"Artificial Intelligence (Q1); Information Systems (Q1)";"Computer Science"
11;24772;"Knowledge-Based Systems";journal;"09507051";"Elsevier B.V.";No;No;1,934;Q1;188;1383;3015;77048;30317;3012;9,62;55,71;29,76;1;122;Netherlands;Western Europe;"Elsevier B.V.";"1987-2025";"Artificial Intelligence (Q1); Information Systems and Management (Q1); Management Information Systems (Q1); Software (Q1)";"Business, Management and Accounting; Computer Science; Decision Sciences"
12;24201;"Expert Systems with Applications";journal;"09574174";"Elsevier Ltd";No;No;1,854;Q1;290;3745;5690;212844;63040;5690;10,48;56,83;28,98;7;829;United Kingdom;Western Europe;"Elsevier Ltd";"1990-2025";"Artificial Intelligence (Q1); Computer Science Applications (Q1); Engineering (miscellaneous) (Q1)";"Computer Science; Engineering"
13;23675;"Artificial Intelligence";journal;"00043702";"Elsevier B.V.";No;No;1,836;Q1;174;112;353;6814;3072;350;6,09;60,84;20,19;0;5;Netherlands;Western Europe;"Elsevier B.V.";"1968, 1970-2025";"Artificial Intelligence (Q1); Linguistics and Language (Q1)";"Computer Science; Social Sciences"
14;21100970248;"CAAI Transactions on Intelligence Technology";journal;"24686557, 24682322";"John Wiley &amp; Sons Inc.";Yes;No;1,785;Q1;44;143;235;7679;2345;226;10,54;53,70;26,43;0;23;United Kingdom;Western Europe;"John Wiley &amp; Sons Inc.";"2017-2025";"Artificial Intelligence (Q1); Computer Networks and Communications (Q1); Computer Vision and Pattern Recognition (Q1); Human-Computer Interaction (Q1); Information Systems (Q1)";"Computer Science"
15;24363;"Journal of Intelligent Manufacturing";journal;"15728145, 09565515";"Springer Netherlands";No;No;1,763;Q1;113;397;462;23449;5049;458;10,94;59,07;24,90;1;197;Netherlands;Western Europe;"Springer Netherlands";"1990-2025";"Artificial Intelligence (Q1); Industrial and Manufacturing Engineering (Q1); Software (Q1)";"Computer Science; Engineering"
16;21101078838;"Computers in Human Behavior Reports";journal;"24519588";"Elsevier B.V.";Yes;No;1,709;Q1;30;171;258;13171;2145;257;7,77;77,02;50,82;1;32;United Kingdom;Western Europe;"Elsevier B.V.";"2020-2025";"Applied Psychology (Q1); Artificial Intelligence (Q1); Cognitive Neuroscience (Q1); Computer Science Applications (Q1); Human-Computer Interaction (Q1); Neuroscience (miscellaneous) (Q1)";"Computer Science; Neuroscience; Psychology"
17;24182;"Engineering Applications of Artificial Intelligence";journal;"09521976";"Elsevier Ltd";No;No;1,652;Q1;149;2042;2402;123379;24341;2399;10,23;60,42;27,05;2;507;United Kingdom;Western Europe;"Elsevier Ltd";"1988-2025";"Artificial Intelligence (Q1); Control and Systems Engineering (Q1); Electrical and Electronic Engineering (Q1)";"Computer Science; Engineering"
18;21101192774;"Chip";journal;"27722724, 27094723";"Elsevier B.V.";Yes;No;1,624;Q1;14;32;56;2586;418;56;7,46;80,81;24,58;0;8;Netherlands;Western Europe;"Elsevier B.V.";"2022-2025";"Artificial Intelligence (Q1); Computer Networks and Communications (Q1); Computer Science (miscellaneous) (Q1); Electrical and Electronic Engineering (Q1); Hardware and Architecture (Q1)";"Computer Science; Engineering"
19;21101155822;"Neuromorphic Computing and Engineering";journal;"26344386";"Institute of Physics";Yes;No;1,548;Q1;19;64;158;3410;923;150;5,94;53,28;19,84;0;7;United Kingdom;Western Europe;"Institute of Physics";"2021-2025";"Artificial Intelligence (Q1); Electrical and Electronic Engineering (Q1); Electronic, Optical and Magnetic Materials (Q1); Hardware and Architecture (Q1)";"Computer Science; Engineering; Materials Science"
20;21101058910;"Internet of Things (The Netherlands)";journal;"25426605";"Elsevier B.V.";No;No;1,527;Q1;69;423;592;26107;6589;586;11,45;61,72;20,30;4;189;Netherlands;Western Europe;"Elsevier B.V.";"2018-2025";"Artificial Intelligence (Q1); Computer Science Applications (Q1); Computer Science (miscellaneous) (Q1); Engineering (miscellaneous) (Q1); Hardware and Architecture (Q1); Information Systems (Q1); Management of Technology and Innovation (Q1); Software (Q1)";"Business, Management and Accounting; Computer Science; Engineering"
21;24804;"Neural Networks";journal;"08936080, 18792782";"Elsevier Ltd";No;No;1,491;Q1;186;739;1298;42095;10227;1289;7,66;56,96;30,40;0;35;United Kingdom;Western Europe;"Elsevier Ltd";"1988-2025";"Artificial Intelligence (Q1); Cognitive Neuroscience (Q1)";"Computer Science; Neuroscience"
22;24807;"Neurocomputing";journal;"09252312, 18728286";"Elsevier B.V.";No;No;1,471;Q1;216;1264;4067;77546;32873;4034;8,18;61,35;29,09;1;78;Netherlands;Western Europe;"Elsevier B.V.";"1989-2025";"Artificial Intelligence (Q1); Cognitive Neuroscience (Q1); Computer Science Applications (Q1)";"Computer Science; Neuroscience"
23;21101109601;"Machine Learning and Knowledge Extraction";journal;"25044990";"Multidisciplinary Digital Publishing Institute (MDPI)";Yes;No;1,437;Q1;36;139;201;8067;1919;198;8,98;58,04;26,05;1;47;Switzerland;Western Europe;"Multidisciplinary Digital Publishing Institute (MDPI)";"2019-2024";"Artificial Intelligence (Q1); Engineering (miscellaneous) (Q1)";"Computer Science; Engineering"
24;36450;"Design Studies";journal;"0142694X";"Elsevier Ltd";No;No;1,410;Q1;116;19;100;1152;628;95;6,54;60,63;52,46;0;5;United Kingdom;Western Europe;"Elsevier Ltd";"1979-2025";"Architecture (Q1); Artificial Intelligence (Q1); Arts and Humanities (miscellaneous) (Q1); Computer Science Applications (Q1); Engineering (miscellaneous) (Q1); Social Sciences (miscellaneous) (Q1)";"Arts and Humanities; Computer Science; Engineering; Social Sciences"
25;21101068929;"Smart Cities";journal;"26246511";"Multidisciplinary Digital Publishing Institute (MDPI)";Yes;No;1,398;Q1;42;153;319;11272;3391;317;7,92;73,67;26,26;3;138;Switzerland;Western Europe;"Multidisciplinary Digital Publishing Institute (MDPI)";"2018-2024";"Artificial Intelligence (Q1); Electrical and Electronic Engineering (Q1); Urban Studies (Q1)";"Computer Science; Engineering; Social Sciences"
26;24140;"Artificial Intelligence in Medicine";journal;"09333657, 18732860";"Elsevier B.V.";No;No;1,396;Q1;118;210;452;14099;3848;445;8,39;67,14;34,94;0;61;Netherlands;Western Europe;"Elsevier B.V.";"1989-2025";"Artificial Intelligence (Q1); Health Informatics (Q1); Medicine (miscellaneous) (Q1)";"Computer Science; Medicine"
27;21101017498;"Journal of Healthcare Informatics Research";journal;"2509498X";"Springer International Publishing";No;No;1,385;Q1;22;31;67;1898;566;66;4,79;61,23;39,49;0;8;Switzerland;Western Europe;"Springer International Publishing";"2017-2025";"Artificial Intelligence (Q1); Computer Science Applications (Q1); Health Informatics (Q1); Information Systems (Q1)";"Computer Science; Medicine"
28;24777;"Minds and Machines";journal;"09246495, 15728641";"Springer Netherlands";No;No;1,339;Q1;56;51;96;3415;602;91;5,29;66,96;28,26;2;5;Netherlands;Western Europe;"Springer Netherlands";"1991-2025";"Artificial Intelligence (Q1); Philosophy (Q1)";"Arts and Humanities; Computer Science"
29;21100901150;"Data Science and Engineering";journal;"23641541, 23641185";"Springer International Publishing";Yes;Yes;1,273;Q1;32;33;86;1640;537;83;5,86;49,70;40,91;0;5;Switzerland;Western Europe;"Springer International Publishing";"2016-2025";"Artificial Intelligence (Q1); Computational Mechanics (Q1); Computer Science Applications (Q1); Information Systems (Q1); Software (Q1)";"Computer Science; Engineering"
30;23616;"AI and Society";journal;"09515666, 14355655";"Springer London";No;No;1,208;Q1;55;551;485;26690;3069;433;6,03;48,44;35,24;48;94;United Kingdom;Western Europe;"Springer London";"1987-1996, 1998-2025";"Artificial Intelligence (Q1); Human-Computer Interaction (Q1); Philosophy (Q1)";"Arts and Humanities; Computer Science"
31;26803;"Journal of Pragmatics";journal;"03782166";"Elsevier B.V.";No;No;1,206;Q1;128;118;594;7067;1541;563;2,01;59,89;53,45;0;6;Netherlands;Western Europe;"Elsevier B.V.";"1977-2025";"Artificial Intelligence (Q1); Linguistics and Language (Q1)";"Computer Science; Social Sciences"
32;21100901156;"Journal of Reliable Intelligent Environments";journal;"21994668, 21994676";"Springer International Publishing AG";No;No;1,190;Q1;29;33;86;1778;695;74;6,67;53,88;22,43;0;9;Switzerland;Western Europe;"Springer International Publishing AG";"2015-2025";"Artificial Intelligence (Q1); Computer Networks and Communications (Q1); Computer Science Applications (Q1); Computer Science (miscellaneous) (Q1); Renewable Energy, Sustainability and the Environment (Q2)";"Computer Science; Energy"
33;21101048344;"Granular Computing";journal;"23644974, 23644966";"Springer Nature";No;No;1,169;Q1;51;75;236;4494;1565;235;7,33;59,92;36,36;0;11;Switzerland;Western Europe;"Springer Nature";"2016-2024";"Artificial Intelligence (Q1); Computer Science Applications (Q1); Information Systems (Q1)";"Computer Science"
34;24775;"Machine Learning";journal;"15730565, 08856125";"Springer Netherlands";No;No;1,147;Q1;175;287;411;15391;2565;408;4,19;53,63;23,46;0;16;Netherlands;Western Europe;"Springer Netherlands";"1986-2025";"Artificial Intelligence (Q1); Software (Q1)";"Computer Science"
35;21101095931;"Complex and Intelligent Systems";journal;"21994536, 21986053";"Springer International Publishing AG";Yes;No;1,143;Q1;59;461;941;23533;7019;930;6,87;51,05;32,22;1;58;Switzerland;Western Europe;"Springer International Publishing AG";"2019-2025";"Artificial Intelligence (Q1); Computational Mathematics (Q1); Engineering (miscellaneous) (Q1); Information Systems (Q1)";"Computer Science; Engineering; Mathematics"
36;24305;"International Journal of Intelligent Systems";journal;"1098111X, 08848173";"John Wiley and Sons Inc";No;No;1,141;Q1;117;94;950;4974;5598;948;5,36;52,91;31,69;0;24;United Kingdom;Western Europe;"John Wiley and Sons Inc";"1986-2024";"Artificial Intelligence (Q1); Human-Computer Interaction (Q1); Software (Q1); Theoretical Computer Science (Q1)";"Computer Science; Mathematics"
37;21101039775;"Machine Learning: Science and Technology";journal;"26322153";"Institute of Physics Publishing";Yes;No;1,119;Q1;41;319;412;18453;2483;412;4,97;57,85;21,48;2;23;United Kingdom;Western Europe;"Institute of Physics Publishing";"2020-2025";"Artificial Intelligence (Q1); Human-Computer Interaction (Q1); Software (Q1)";"Computer Science"
38;24800;"Neural Computing and Applications";journal;"09410643, 14333058";"Springer London";No;No;1,102;Q1;146;1375;3832;72689;26087;3781;6,52;52,86;28,05;1;315;United Kingdom;Western Europe;"Springer London";"1993-2025";"Artificial Intelligence (Q1); Software (Q1)";"Computer Science"
39;18016;"Autonomous Robots";journal;"15737527, 09295593";"Springer Netherlands";No;No;1,096;Q1;135;28;204;1225;1147;199;5,88;43,75;18,33;0;1;Netherlands;Western Europe;"Springer Netherlands";"1994-2025";"Artificial Intelligence (Q1)";"Computer Science"
40;21101054787;"Quantum Machine Intelligence";journal;"25244914, 25244906";"Springer Science and Business Media Deutschland GmbH";No;No;1,059;Q2;23;88;103;4255;628;103;5,12;48,35;18,95;0;6;Germany;Western Europe;"Springer Science and Business Media Deutschland GmbH";"2019-2025";"Applied Mathematics (Q1); Computational Theory and Mathematics (Q1); Software (Q1); Theoretical Computer Science (Q1); Artificial Intelligence (Q2)";"Computer Science; Mathematics"
41;21100824892;"Law, Innovation and Technology";journal;"1757997X, 17579961";"Taylor and Francis Ltd.";No;No;1,049;Q2;27;25;61;613;282;60;3,07;24,52;34,78;3;11;United Kingdom;Western Europe;"Taylor and Francis Ltd.";"2009-2024";"Biotechnology (Q1); Computer Science Applications (Q1); Computer Science (miscellaneous) (Q1); Law (Q1); Artificial Intelligence (Q2)";"Biochemistry, Genetics and Molecular Biology; Computer Science; Social Sciences"
42;24825;"Pattern Recognition Letters";journal;"01678655";"Elsevier B.V.";No;No;1,005;Q2;188;297;934;9974;4922;907;4,54;33,58;29,76;0;12;Netherlands;Western Europe;"Elsevier B.V.";"1982-2025";"Computer Vision and Pattern Recognition (Q1); Signal Processing (Q1); Software (Q1); Artificial Intelligence (Q2)";"Computer Science"
43;145544;"Journal of Semantics";journal;"01675133, 14774593";"Oxford University Press";No;No;0,986;Q2;52;14;65;624;81;65;1,13;44,57;36,36;0;0;United Kingdom;Western Europe;"Oxford University Press";"1982-1986, 1990-2024";"Arts and Humanities (miscellaneous) (Q1); Linguistics and Language (Q1); Artificial Intelligence (Q2)";"Arts and Humanities; Computer Science; Social Sciences"
44;21101064700;"IACR Transactions on Cryptographic Hardware and Embedded Systems";journal;"25692925";"Ruhr-University of Bochum";Yes;Yes;0,985;Q2;48;81;247;3702;1202;247;3,40;45,70;18,03;0;2;Germany;Western Europe;"Ruhr-University of Bochum";"2018-2025";"Computer Graphics and Computer-Aided Design (Q1); Computer Networks and Communications (Q1); Hardware and Architecture (Q1); Signal Processing (Q1); Software (Q1); Artificial Intelligence (Q2)";"Computer Science"
45;21101051831;"Intelligent Systems with Applications";journal;"26673053";"Elsevier B.V.";Yes;No;0,969;Q2;28;153;244;8343;1788;243;7,02;54,53;24,89;1;44;Netherlands;Western Europe;"Elsevier B.V.";"2021-2025";"Computer Science Applications (Q1); Computer Science (miscellaneous) (Q1); Computer Vision and Pattern Recognition (Q1); Signal Processing (Q1); Artificial Intelligence (Q2)";"Computer Science"
46;21101147569;"Biomimetic Intelligence and Robotics";journal;"26673797, 20970242";"Elsevier B.V.";Yes;No;0,964;Q2;13;40;64;1600;394;60;6,19;40,00;22,62;0;3;Netherlands;Western Europe;"Elsevier B.V.";"2021-2025";"Computer Science (miscellaneous) (Q1); Control and Systems Engineering (Q1); Artificial Intelligence (Q2)";"Computer Science; Engineering"
47;21101017244;"Drones";journal;"2504446X";"Multidisciplinary Digital Publishing Institute (MDPI)";Yes;No;0,962;Q2;59;785;1282;38375;8081;1276;6,25;48,89;26,62;0;194;Switzerland;Western Europe;"Multidisciplinary Digital Publishing Institute (MDPI)";"2017-2025";"Aerospace Engineering (Q1); Computer Science Applications (Q1); Control and Systems Engineering (Q1); Information Systems (Q1); Artificial Intelligence (Q2)";"Computer Science; Engineering"
48;23674;"Applied Intelligence";journal;"0924669X, 15737497";"Springer Netherlands";No;No;0,932;Q2;108;693;3294;36208;16543;3287;4,56;52,25;31,26;0;91;Netherlands;Western Europe;"Springer Netherlands";"1991-2025";"Artificial Intelligence (Q2)";"Computer Science"
49;21101062817;"Frontiers in Artificial Intelligence";journal;"26248212";"Frontiers Media SA";Yes;No;0,927;Q2;47;327;755;17734;4538;710;5,41;54,23;29,06;0;112;Switzerland;Western Europe;"Frontiers Media SA";"2018-2025";"Artificial Intelligence (Q2)";"Computer Science"
50;21101020112;"Big Data and Cognitive Computing";journal;"25042289";"Multidisciplinary Digital Publishing Institute (MDPI)";Yes;No;0,922;Q2;44;199;423;11010;3154;419;7,55;55,33;26,91;0;55;Switzerland;Western Europe;"Multidisciplinary Digital Publishing Institute (MDPI)";"2017-2025";"Computer Science Applications (Q1); Information Systems (Q1); Management Information Systems (Q1); Artificial Intelligence (Q2)";"Business, Management and Accounting; Computer Science"
51;21101111783;"Smart Agricultural Technology";journal;"27723755";"Elsevier B.V.";Yes;No;0,908;Q2;33;311;373;17213;3122;371;8,48;55,35;26,07;2;179;Netherlands;Western Europe;"Elsevier B.V.";"2021-2025";"Agricultural and Biological Sciences (miscellaneous) (Q1); Computer Science (miscellaneous) (Q1); Artificial Intelligence (Q2)";"Agricultural and Biological Sciences; Computer Science"
52;21101170600;"Psychoradiology";journal;"26344416";"Oxford University Press";Yes;Yes;0,891;Q2;8;28;64;1807;190;60;2,18;64,54;37,39;0;1;United Kingdom;Western Europe;"Oxford University Press";"2021-2024";"Radiology, Nuclear Medicine and Imaging (Q1); Artificial Intelligence (Q2); Clinical Psychology (Q2); Neurology (clinical) (Q2); Neuroscience (miscellaneous) (Q2); Psychiatry and Mental Health (Q2); Psychology (miscellaneous) (Q2)";"Computer Science; Medicine; Neuroscience; Psychology"
53;18197;"Integrated Computer-Aided Engineering";journal;"10692509, 18758835";"SAGE Publications Ltd";No;No;0,887;Q2;50;23;83;1553;385;74;5,42;67,52;17,98;0;10;Netherlands;Western Europe;"SAGE Publications Ltd";"1993-2025";"Computational Theory and Mathematics (Q1); Software (Q1); Artificial Intelligence (Q2); Computer Science Applications (Q2); Theoretical Computer Science (Q2)";"Computer Science; Mathematics"
54;21101132912;"Artificial Intelligence in the Life Sciences";journal;"26673185";"Elsevier B.V.";Yes;No;0,878;Q2;13;16;78;624;489;72;5,71;39,00;36,00;0;2;Netherlands;Western Europe;"Elsevier B.V.";"2021-2025";"Artificial Intelligence (Q2)";"Computer Science"
55;21101215114;"Discover Artificial Intelligence";journal;"27310809";"Springer Nature";Yes;No;0,876;Q2;15;115;87;6225;703;83;8,54;54,13;27,62;2;47;Switzerland;Western Europe;"Springer Nature";"2021-2025";"Computer Vision and Pattern Recognition (Q1); Information Systems (Q1); Artificial Intelligence (Q2); Human-Computer Interaction (Q2)";"Computer Science"
56;9500154152;"Intelligent Service Robotics";journal;"18612784, 18612776";"Springer Verlag";No;No;0,875;Q2;44;79;144;3222;760;138;5,76;40,78;29,27;0;13;Germany;Western Europe;"Springer Verlag";"2008-2025";"Computational Mechanics (Q1); Engineering (miscellaneous) (Q1); Mechanical Engineering (Q1); Artificial Intelligence (Q2)";"Computer Science; Engineering"
57;21101019779;"Cybersecurity";journal;"20964862, 25233246";"SpringerOpen";Yes;Yes;0,873;Q2;28;79;125;3671;785;125;5,69;46,47;31,45;0;2;United Kingdom;Western Europe;"SpringerOpen";"2018-2025";"Computer Networks and Communications (Q1); Information Systems (Q1); Artificial Intelligence (Q2); Software (Q2)";"Computer Science"
58;21101174247;"AI (Switzerland)";journal;"26732688";"Multidisciplinary Digital Publishing Institute (MDPI)";Yes;No;0,868;Q2;27;144;156;8597;1101;150;7,30;59,70;26,96;0;41;Switzerland;Western Europe;"Multidisciplinary Digital Publishing Institute (MDPI)";"2020-2025";"Artificial Intelligence (Q2)";"Computer Science"
59;24361;"Journal of Intelligent Information Systems";journal;"15737675, 09259902";"Springer Netherlands";No;No;0,865;Q2;68;116;189;5204;1010;186;4,91;44,86;30,85;0;21;Netherlands;Western Europe;"Springer Netherlands";"1992-2025";"Artificial Intelligence (Q2); Computer Networks and Communications (Q2); Hardware and Architecture (Q2); Information Systems (Q2); Software (Q2)";"Computer Science"
60;21101178737;"Journal of Cybersecurity and Privacy";journal;"2624800X";"Multidisciplinary Digital Publishing Institute (MDPI)";Yes;No;0,863;Q2;21;46;123;2708;779;121;6,54;58,87;19,73;0;8;Switzerland;Western Europe;"Multidisciplinary Digital Publishing Institute (MDPI)";"2021-2024";"Computer Science (miscellaneous) (Q1); Artificial Intelligence (Q2)";"Computer Science"
61;21101024218;"Applied System Innovation";journal;"25715577";"Multidisciplinary Digital Publishing Institute (MDPI)";Yes;No;0,842;Q2;35;131;339;6812;2252;332;5,61;52,00;24,23;0;43;Switzerland;Western Europe;"Multidisciplinary Digital Publishing Institute (MDPI)";"2018-2024";"Applied Mathematics (Q1); Industrial and Manufacturing Engineering (Q1); Artificial Intelligence (Q2); Control and Systems Engineering (Q2); Human-Computer Interaction (Q2); Information Systems (Q2)";"Computer Science; Engineering; Mathematics"
62;21101224040;"RAS Techniques and Instruments";journal;"27528200";"Oxford University Press";Yes;No;0,837;Q2;8;57;64;3942;153;62;2,39;69,16;27,97;0;2;United Kingdom;Western Europe;"Oxford University Press";"2022-2025";"Earth and Planetary Sciences (miscellaneous) (Q1); Engineering (miscellaneous) (Q1); Artificial Intelligence (Q2); Astronomy and Astrophysics (Q2)";"Computer Science; Earth and Planetary Sciences; Engineering; Physics and Astronomy"
63;21101023806;"Annals of Data Science";journal;"21985812, 21985804";"Springer Science and Business Media Deutschland GmbH";No;No;0,832;Q2;32;142;179;6081;1006;176;6,44;42,82;32,62;0;30;Germany;Western Europe;"Springer Science and Business Media Deutschland GmbH";"2014-2025";"Business, Management and Accounting (miscellaneous) (Q1); Artificial Intelligence (Q2); Computer Science Applications (Q2); Statistics, Probability and Uncertainty (Q2)";"Business, Management and Accounting; Computer Science; Decision Sciences"
64;15703;"Knowledge and Information Systems";journal;"02191377, 02193116";"Springer London";No;No;0,827;Q2;100;266;427;15073;2006;427;4,95;56,67;27,78;0;29;United Kingdom;Western Europe;"Springer London";"1999-2025";"Artificial Intelligence (Q2); Hardware and Architecture (Q2); Human-Computer Interaction (Q2); Information Systems (Q2); Software (Q2)";"Computer Science"
65;13880;"Artificial Intelligence and Law";journal;"09248463, 15728382";"Springer Nature";No;No;0,815;Q2;52;73;81;4285;462;81;5,34;58,70;28,13;6;12;Netherlands;Western Europe;"Springer Nature";"1992-1993, 1995-2025";"Law (Q1); Artificial Intelligence (Q2)";"Computer Science; Social Sciences"
66;21100833833;"Robotics";journal;"22186581";"Multidisciplinary Digital Publishing Institute (MDPI)";Yes;No;0,792;Q2;48;180;455;8723;2249;452;4,22;48,46;20,75;0;52;Switzerland;Western Europe;"Multidisciplinary Digital Publishing Institute (MDPI)";"2012-2025";"Control and Optimization (Q1); Mechanical Engineering (Q1); Artificial Intelligence (Q2)";"Computer Science; Engineering; Mathematics"
67;21100803572;"Systems Science and Control Engineering";journal;"21642583";"Taylor and Francis Ltd.";Yes;No;0,783;Q2;38;116;232;4638;938;230;5,14;39,98;28,85;0;30;United Kingdom;Western Europe;"Taylor and Francis Ltd.";"2013-2025";"Control and Optimization (Q1); Artificial Intelligence (Q2); Control and Systems Engineering (Q2)";"Computer Science; Engineering; Mathematics"
68;23673;"Applied Artificial Intelligence";journal;"10876545, 08839514";"Taylor and Francis Ltd.";Yes;No;0,780;Q2;70;140;390;6717;2193;390;5,89;47,98;28,51;0;29;United Kingdom;Western Europe;"Taylor and Francis Ltd.";"1987-2025";"Artificial Intelligence (Q2); Electrical and Electronic Engineering (Q2)";"Computer Science; Engineering"
69;24360;"Journal of Intelligent and Robotic Systems: Theory and Applications";journal;"15730409, 09210296";"Springer Nature";No;No;0,768;Q2;105;170;732;7720;2878;696;3,36;45,41;19,38;0;37;Netherlands;Western Europe;"Springer Nature";"1988-2025";"Industrial and Manufacturing Engineering (Q1); Mechanical Engineering (Q1); Artificial Intelligence (Q2); Control and Systems Engineering (Q2); Electrical and Electronic Engineering (Q2); Software (Q2)";"Computer Science; Engineering"
70;26529;"Fuzzy Sets and Systems";journal;"01650114";"Elsevier B.V.";No;No;0,754;Q2;191;197;832;7355;2335;828;2,70;37,34;28,23;0;4;Netherlands;Western Europe;"Elsevier B.V.";"1978-2025";"Logic (Q1); Artificial Intelligence (Q2)";"Computer Science; Mathematics"
71;24185;"Expert Systems";journal;"14680394, 02664720";"Wiley-Blackwell Publishing Ltd";No;No;0,742;Q2;61;253;679;13864;3202;652;4,78;54,80;28,35;0;68;United Kingdom;Western Europe;"Wiley-Blackwell Publishing Ltd";"1984-2025";"Artificial Intelligence (Q2); Computational Theory and Mathematics (Q2); Control and Systems Engineering (Q2); Theoretical Computer Science (Q2)";"Computer Science; Engineering; Mathematics"
72;24157;"Autonomous Agents and Multi-Agent Systems";journal;"15737454, 13872532";"Springer Netherlands";No;No;0,738;Q2;82;49;146;2387;546;142;4,03;48,71;20,74;0;5;Netherlands;Western Europe;"Springer Netherlands";"1998-2025";"Artificial Intelligence (Q2)";"Computer Science"
73;21100868821;"Frontiers in Robotics and AI";journal;"22969144";"Frontiers Media SA";Yes;No;0,719;Q2;68;261;1050;12798;4122;965;3,09;49,03;24,58;1;63;Switzerland;Western Europe;"Frontiers Media SA";"2014-2025";"Artificial Intelligence (Q2); Computer Science Applications (Q2)";"Computer Science"
74;12358;"International Journal of Fuzzy Systems";journal;"15622479, 21993211";"Springer International Publishing AG";No;No;0,714;Q2;67;283;599;12068;2560;592;4,47;42,64;29,65;0;40;Switzerland;Western Europe;"Springer International Publishing AG";"2004-2025";"Artificial Intelligence (Q2); Computational Theory and Mathematics (Q2); Control and Systems Engineering (Q2); Information Systems (Q2); Software (Q2); Theoretical Computer Science (Q2)";"Computer Science; Engineering; Mathematics"
75;24774;"Knowledge Engineering Review";journal;"14698005, 02698889";"Cambridge University Press";No;No;0,688;Q2;73;10;31;725;122;29;2,16;72,50;30,95;0;0;United Kingdom;Western Europe;"Cambridge University Press";"1984, 1987-2025";"Artificial Intelligence (Q2); Software (Q2)";"Computer Science"
76;24173;"Connection Science";journal;"13600494, 09540091";"Taylor and Francis A.S.";Yes;No;0,681;Q2;52;48;283;2458;1327;281;4,83;51,21;29,82;0;7;United Kingdom;Western Europe;"Taylor and Francis A.S.";"1989-2025";"Artificial Intelligence (Q2); Human-Computer Interaction (Q2); Software (Q2)";"Computer Science"
77;21101049065;"International Journal of Interactive Multimedia and Artificial Intelligence";journal;"19891660";"Universidad Internacional de la Rioja";Yes;Yes;0,672;Q2;27;50;217;2945;709;202;3,35;58,90;26,49;0;9;Spain;Western Europe;"Universidad Internacional de la Rioja";"2019-2024";"Artificial Intelligence (Q2); Computer Networks and Communications (Q2); Computer Science Applications (Q2); Computer Vision and Pattern Recognition (Q2); Signal Processing (Q2); Statistics and Probability (Q2)";"Computer Science; Mathematics"
78;24806;"Neural Processing Letters";journal;"13704621, 1573773X";"Springer Netherlands";No;No;0,672;Q2;72;244;1075;10668;3943;1065;3,58;43,72;31,29;0;8;Netherlands;Western Europe;"Springer Netherlands";"1994-2025";"Artificial Intelligence (Q2); Computer Networks and Communications (Q2); Software (Q2); Neuroscience (miscellaneous) (Q3)";"Computer Science; Neuroscience"
79;21101058018;"Journal of Physics: Complexity";journal;"2632072X";"IOP Publishing Ltd.";Yes;No;0,641;Q2;19;83;206;4451;521;205;2,08;53,63;20,50;0;15;United Kingdom;Western Europe;"IOP Publishing Ltd.";"2020-2025";"Artificial Intelligence (Q2); Computer Networks and Communications (Q2); Computer Science Applications (Q2); Information Systems (Q2)";"Computer Science"
80;28380;"Natural Language Engineering";journal;"14698110, 13513249";"Cambridge University Press";No;No;0,639;Q2;66;39;131;1958;551;128;3,03;50,21;46,28;0;1;United Kingdom;Western Europe;"Cambridge University Press";"1995-2024";"Linguistics and Language (Q1); Artificial Intelligence (Q2); Software (Q2)";"Computer Science; Social Sciences"
81;19900191732;"Argument and Computation";journal;"19462166, 19462174";"SAGE Publications Ltd";Yes;No;0,622;Q2;27;11;39;486;87;36;1,40;44,18;28,00;0;1;United Kingdom;Western Europe;"SAGE Publications Ltd";"2010-2024";"Linguistics and Language (Q1); Artificial Intelligence (Q2); Computational Mathematics (Q2); Computer Science Applications (Q2)";"Computer Science; Mathematics; Social Sciences"
82;21101144505;"Data and Policy";journal;"26323249";"Cambridge University Press";Yes;No;0,622;Q2;15;83;113;4854;373;113;2,93;58,48;37,30;1;46;United Kingdom;Western Europe;"Cambridge University Press";"2020-2025";"Social Sciences (miscellaneous) (Q1); Artificial Intelligence (Q2); Computer Science (miscellaneous) (Q2); Public Administration (Q2)";"Computer Science; Social Sciences"
83;21100199837;"Frontiers in Neurorobotics";journal;"16625218";"Frontiers Media SA";Yes;No;0,618;Q2;56;145;723;6610;2324;661;3,01;45,59;31,97;0;26;Switzerland;Western Europe;"Frontiers Media SA";"2007-2025";"Artificial Intelligence (Q2); Biomedical Engineering (Q2)";"Computer Science; Engineering"
84;21100210905;"i-Perception";journal;"20416695";"SAGE Publications Ltd";Yes;No;0,618;Q2;42;53;171;2191;331;170;1,33;41,34;38,79;0;3;United Kingdom;Western Europe;"SAGE Publications Ltd";"2010-2025";"Artificial Intelligence (Q2); Ophthalmology (Q2); Experimental and Cognitive Psychology (Q3); Sensory Systems (Q3)";"Computer Science; Medicine; Neuroscience; Psychology"
85;24354;"Journal of Automated Reasoning";journal;"15730670, 01687433";"Springer Netherlands";No;No;0,616;Q2;64;24;110;1268;163;106;1,23;52,83;14,29;0;0;Netherlands;Western Europe;"Springer Netherlands";"1985-2025";"Artificial Intelligence (Q2); Computational Theory and Mathematics (Q2); Software (Q2)";"Computer Science"
86;14500154734;"Evolutionary Intelligence";journal;"18645917, 18645909";"Springer Verlag";No;No;0,609;Q2;44;226;447;11089;1794;441;4,13;49,07;26,84;0;53;Germany;Western Europe;"Springer Verlag";"2008-2025";"Artificial Intelligence (Q2); Computer Vision and Pattern Recognition (Q2); Mathematics (miscellaneous) (Q2); Cognitive Neuroscience (Q3)";"Computer Science; Mathematics; Neuroscience"
87;28424;"Theory and Practice of Logic Programming";journal;"14753081, 14710684";"Cambridge University Press";No;No;0,609;Q2;52;37;122;1361;207;114;1,54;36,78;17,17;0;0;United Kingdom;Western Europe;"Cambridge University Press";"2001-2025";"Artificial Intelligence (Q2); Computational Theory and Mathematics (Q2); Hardware and Architecture (Q2); Software (Q2); Theoretical Computer Science (Q2)";"Computer Science; Mathematics"
88;12981;"Kybernetes";journal;"0368492X";"Emerald Publishing";No;No;0,606;Q2;59;571;570;40528;2542;564;4,41;70,98;38,41;0;264;United Kingdom;Western Europe;"Emerald Publishing";"1972-2025";"Engineering (miscellaneous) (Q1); Social Sciences (miscellaneous) (Q1); Artificial Intelligence (Q2); Computer Science (miscellaneous) (Q2); Control and Systems Engineering (Q2); Electrical and Electronic Engineering (Q2); Information Systems (Q2); Software (Q2); Theoretical Computer Science (Q2)";"Computer Science; Engineering; Mathematics; Social Sciences"
89;12886;"Cognitive Systems Research";journal;"13890417, 22144366";"Elsevier B.V.";No;No;0,604;Q2;73;93;179;5824;641;175;3,42;62,62;28,63;0;9;Netherlands;Western Europe;"Elsevier B.V.";"1999-2025";"Artificial Intelligence (Q2); Software (Q2); Cognitive Neuroscience (Q3); Experimental and Cognitive Psychology (Q3)";"Computer Science; Neuroscience; Psychology"
90;21100821307;"Applied Computational Intelligence and Soft Computing";journal;"16879724, 16879732";"John Wiley and Sons Ltd";Yes;No;0,602;Q2;26;33;130;1707;661;129;4,74;51,73;25,47;0;12;United Kingdom;Western Europe;"John Wiley and Sons Ltd";"2016-2024";"Computational Mechanics (Q1); Artificial Intelligence (Q2); Civil and Structural Engineering (Q2); Computer Networks and Communications (Q2); Computer Science Applications (Q2)";"Computer Science; Engineering"
91;21101063730;"IET Smart Cities";journal;"26317680";"John Wiley and Sons Inc";Yes;No;0,588;Q2;19;27;66;1125;226;58;3,00;41,67;21,49;0;26;United Kingdom;Western Europe;"John Wiley and Sons Inc";"2019-2025";"Urban Studies (Q1); Artificial Intelligence (Q2); Computer Networks and Communications (Q2); Computer Science Applications (Q2); Control and Systems Engineering (Q2); Electrical and Electronic Engineering (Q2); Software (Q2)";"Computer Science; Engineering; Social Sciences"
92;21101060462;"Results in Control and Optimization";journal;"26667207";"Elsevier B.V.";Yes;No;0,586;Q2;19;165;233;7384;998;233;4,43;44,75;24,68;0;69;Netherlands;Western Europe;"Elsevier B.V.";"2020-2025";"Applied Mathematics (Q2); Artificial Intelligence (Q2); Control and Optimization (Q2); Control and Systems Engineering (Q2); Modeling and Simulation (Q2)";"Computer Science; Engineering; Mathematics"
93;23737;"Computational Intelligence";journal;"08247935, 14678640";"Wiley-Blackwell Publishing Ltd";No;No;0,578;Q2;60;98;228;4457;981;221;3,33;45,48;30,25;0;25;United Kingdom;Western Europe;"Wiley-Blackwell Publishing Ltd";"1985-2025";"Artificial Intelligence (Q2); Computational Mathematics (Q2)";"Computer Science; Mathematics"
94;21101254818;"EAI Endorsed Transactions on AI and Robotics";journal;"27907511";"European Alliance for Innovation";No;No;0,578;Q2;11;24;36;1098;158;36;4,39;45,75;27,45;0;9;Belgium;Western Europe;"European Alliance for Innovation";"2022-2025";"Artificial Intelligence (Q2); Computer Science Applications (Q2); Computer Science (miscellaneous) (Q2); Engineering (miscellaneous) (Q2)";"Computer Science; Engineering"
95;23678;"Artificial Intelligence for Engineering Design, Analysis and Manufacturing: AIEDAM";journal;"08900604, 14691760";"Cambridge University Press";No;No;0,574;Q2;62;27;89;1453;259;86;2,97;53,81;21,11;0;11;United Kingdom;Western Europe;"Cambridge University Press";"1987-2025";"Artificial Intelligence (Q2); Industrial and Manufacturing Engineering (Q2)";"Computer Science; Engineering"
96;21101063736;"IFAC Journal of Systems and Control";journal;"24686018";"Elsevier B.V.";No;No;0,569;Q2;16;55;68;2101;173;68;2,08;38,20;17,44;0;8;United Kingdom;Western Europe;"Elsevier B.V.";"2017-2025";"Artificial Intelligence (Q2); Computer Networks and Communications (Q2); Computer Science Applications (Q2); Control and Systems Engineering (Q2); Management Science and Operations Research (Q2); Modeling and Simulation (Q2)";"Computer Science; Decision Sciences; Engineering; Mathematics"
97;130113;"Cognitive Processing";journal;"16124782, 16124790";"Springer Verlag";No;No;0,568;Q2;56;94;159;5460;299;158;1,68;58,09;46,86;1;5;Germany;Western Europe;"Springer Verlag";"2005-2025";"Artificial Intelligence (Q2); Medicine (miscellaneous) (Q2); Cognitive Neuroscience (Q3); Experimental and Cognitive Psychology (Q3)";"Computer Science; Medicine; Neuroscience; Psychology"
98;21100912216;"IET Cyber-Physical Systems: Theory and Applications";journal;"23983396";"John Wiley &amp; Sons Inc.";Yes;No;0,567;Q2;23;40;62;1548;153;59;1,34;38,70;30,00;0;11;United Kingdom;Western Europe;"John Wiley &amp; Sons Inc.";"2016-2025";"Artificial Intelligence (Q2); Computer Networks and Communications (Q2); Computer Science Applications (Q2); Electrical and Electronic Engineering (Q2); Information Systems (Q2)";"Computer Science; Engineering"
99;144749;"International Journal of Advanced Robotic Systems";journal;"17298806";"SAGE Publications Inc.";Yes;No;0,562;Q3;70;70;243;2325;760;243;2,65;33,21;29,18;0;9;United Kingdom;Western Europe;"SAGE Publications Inc.";"2004-2025";"Computer Science Applications (Q2); Software (Q2); Artificial Intelligence (Q3)";"Computer Science"
100;24822;"Pattern Analysis and Applications";journal;"1433755X, 14337541";"Springer London";No;No;0,559;Q3;66;153;303;6963;1039;301;2,65;45,51;30,54;0;18;United Kingdom;Western Europe;"Springer London";"1998-2025";"Computer Vision and Pattern Recognition (Q2); Artificial Intelligence (Q3)";"Computer Science"
101;21101152520;"Robotic Intelligence and Automation";journal;"27546977, 27546969";"Emerald Publishing";No;No;0,557;Q3;53;67;178;2974;483;176;3,06;44,39;28,14;0;13;United Kingdom;Western Europe;"Emerald Publishing";"2023-2025";"Computer Science Applications (Q2); Control and Systems Engineering (Q2); Electrical and Electronic Engineering (Q2); Industrial and Manufacturing Engineering (Q2); Artificial Intelligence (Q3); Human-Computer Interaction (Q3)";"Computer Science; Engineering"
102;18078;"Robotica";journal;"02635747, 14698668";"Cambridge University Press";No;No;0,556;Q3;78;241;561;9871;1669;559;3,10;40,96;24,21;0;52;United Kingdom;Western Europe;"Cambridge University Press";"1983-2025";"Computational Mechanics (Q2); Computer Science Applications (Q2); Computer Vision and Pattern Recognition (Q2); Control and Optimization (Q2); Control and Systems Engineering (Q2); Mathematics (miscellaneous) (Q2); Mechanical Engineering (Q2); Modeling and Simulation (Q2); Rehabilitation (Q2); Software (Q2); Artificial Intelligence (Q3)";"Computer Science; Engineering; Mathematics; Medicine"
103;21101052354;"Frontiers in Big Data";journal;"2624909X";"Frontiers Media SA";Yes;No;0,554;Q3;33;103;384;5522;1318;351;2,77;53,61;30,00;0;36;Switzerland;Western Europe;"Frontiers Media SA";"2018-2025";"Computer Science (miscellaneous) (Q2); Information Systems (Q2); Artificial Intelligence (Q3)";"Computer Science"
104;26138;"Parallel Computing";journal;"01678191";"Elsevier B.V.";No;No;0,541;Q3;72;21;140;888;378;136;2,64;42,29;24,24;0;0;Netherlands;Western Europe;"Elsevier B.V.";"1984-2025";"Computer Graphics and Computer-Aided Design (Q2); Computer Networks and Communications (Q2); Hardware and Architecture (Q2); Software (Q2); Artificial Intelligence (Q3); Theoretical Computer Science (Q3)";"Computer Science; Mathematics"
105;24357;"Journal of Experimental and Theoretical Artificial Intelligence";journal;"13623079, 0952813X";"Taylor and Francis Ltd.";No;No;0,535;Q3;55;107;175;5407;542;175;2,93;50,53;29,79;0;16;United Kingdom;Western Europe;"Taylor and Francis Ltd.";"1989-2025";"Software (Q2); Artificial Intelligence (Q3); Theoretical Computer Science (Q3)";"Computer Science; Mathematics"
106;21101199913;"IET Blockchain";journal;"26341573";"John Wiley and Sons Inc";Yes;No;0,532;Q3;9;42;46;1838;164;44;3,61;43,76;34,07;0;10;United Kingdom;Western Europe;"John Wiley and Sons Inc";"2021-2025";"Computer Networks and Communications (Q2); Computer Science Applications (Q2); Information Systems (Q2); Artificial Intelligence (Q3)";"Computer Science"
107;21101017166;"KI - Kunstliche Intelligenz";journal;"16101987, 09331875";"Springer International Publishing";No;No;0,522;Q3;34;54;109;2101;388;82;1,92;38,91;17,32;1;9;Switzerland;Western Europe;"Springer International Publishing";"2010-2025";"Artificial Intelligence (Q3)";"Computer Science"
108;12795;"Perception";journal;"14684233, 03010066";"SAGE Publications Inc.";No;No;0,515;Q3;106;59;192;2156;278;180;1,14;36,54;41,56;0;1;United Kingdom;Western Europe;"SAGE Publications Inc.";"1972-2025";"Ophthalmology (Q2); Artificial Intelligence (Q3); Experimental and Cognitive Psychology (Q3); Sensory Systems (Q3)";"Computer Science; Medicine; Neuroscience; Psychology"
109;12962;"Journal of Intelligent Systems";journal;"03341860, 2191026X";"Walter de Gruyter GmbH";Yes;No;0,500;Q3;35;102;259;3913;992;258;3,76;38,36;40,87;0;37;Germany;Western Europe;"Walter de Gruyter GmbH";"1991-2002, 2004-2025";"Information Systems (Q2); Software (Q2); Artificial Intelligence (Q3)";"Computer Science"
110;15552;"Microprocessors and Microsystems";journal;"01419331";"Elsevier B.V.";No;No;0,493;Q3;59;66;931;2781;3007;930;3,99;42,14;18,82;0;14;Netherlands;Western Europe;"Elsevier B.V.";"1978-2025";"Computer Networks and Communications (Q2); Hardware and Architecture (Q2); Software (Q2); Artificial Intelligence (Q3)";"Computer Science"
111;15435;"Journal of Consciousness Studies";journal;"20512201, 13558250";"Imprint Academic";No;No;0,492;Q3;77;64;218;2953;309;192;1,25;46,14;20,00;0;2;United Kingdom;Western Europe;"Imprint Academic";"1996-2025";"Philosophy (Q1); Ecology, Evolution, Behavior and Systematics (Q2); Artificial Intelligence (Q3); Psychology (miscellaneous) (Q3)";"Agricultural and Biological Sciences; Arts and Humanities; Computer Science; Psychology"
112;21101076317;"Intelligence-Based Medicine";journal;"26665212";"Elsevier B.V.";Yes;No;0,490;Q3;15;53;70;2185;231;64;3,30;41,23;36,89;0;26;Netherlands;Western Europe;"Elsevier B.V.";"2020, 2022-2025";"Computer Science Applications (Q2); Artificial Intelligence (Q3); Health Informatics (Q3); Medicine (miscellaneous) (Q3)";"Computer Science; Medicine"
113;21101243610;"Intelligent Transportation Infrastructure";journal;"27529991";"Oxford University Press";No;No;0,480;Q3;6;24;48;1143;117;47;2,44;47,63;32,00;0;12;United Kingdom;Western Europe;"Oxford University Press";"2022-2025";"Building and Construction (Q2); Civil and Structural Engineering (Q2); Mathematics (miscellaneous) (Q2); Artificial Intelligence (Q3); Computer Science Applications (Q3); Transportation (Q3)";"Computer Science; Engineering; Mathematics; Social Sciences"
114;21101044881;"International Journal of Serious Games";journal;"23848766";"Serious Games Society";Yes;Yes;0,480;Q3;14;33;88;1619;215;74;2,20;49,06;35,14;0;8;Italy;Western Europe;"Serious Games Society";"2019-2024";"Applied Mathematics (Q2); Computer Graphics and Computer-Aided Design (Q2); Education (Q2); Artificial Intelligence (Q3); Human-Computer Interaction (Q3); Software (Q3)";"Computer Science; Mathematics; Social Sciences"
115;21100781972;"Progress in Artificial Intelligence";journal;"21926360, 21926352";"Springer Nature";No;No;0,476;Q3;32;38;82;1681;310;82;3,71;44,24;25,00;0;10;Germany;Western Europe;"Springer Nature";"2012-2025";"Artificial Intelligence (Q3)";"Computer Science"
116;21100873335;"Journal of Control and Decision";journal;"23307714, 23307706";"Taylor and Francis Ltd.";No;No;0,475;Q3;24;157;177;5626;477;176;2,93;35,83;29,06;0;19;United Kingdom;Western Europe;"Taylor and Francis Ltd.";"2014-2025";"Computer Networks and Communications (Q2); Control and Optimization (Q2); Control and Systems Engineering (Q2); Information Systems (Q2); Artificial Intelligence (Q3); Human-Computer Interaction (Q3); Signal Processing (Q3)";"Computer Science; Engineering; Mathematics"
117;144945;"Networks and Spatial Economics";journal;"1566113X";"Kluwer Academic Publishers";No;No;0,472;Q3;61;56;107;2657;219;104;1,67;47,45;27,74;0;28;Netherlands;Western Europe;"Kluwer Academic Publishers";"2005-2025";"Computer Networks and Communications (Q2); Artificial Intelligence (Q3); Software (Q3)";"Computer Science"
118;12409;"Multidimensional Systems and Signal Processing";journal;"15730824, 09236082";"Springer Netherlands";No;No;0,465;Q3;48;6;155;236;449;155;2,62;39,33;43,75;0;0;Netherlands;Western Europe;"Springer Netherlands";"1990-2025";"Applied Mathematics (Q2); Information Systems (Q2); Artificial Intelligence (Q3); Computer Science Applications (Q3); Hardware and Architecture (Q3); Signal Processing (Q3); Software (Q3)";"Computer Science; Mathematics"
119;21101081506;"Journal of Financial Data Science";journal;"26403951, 26403943";"With intelligence";No;No;0,459;Q3;16;35;106;1167;185;102;1,01;33,34;16,22;0;0;United Kingdom;Western Europe;"With intelligence";"2019-2025";"Business and International Management (Q2); Business, Management and Accounting (miscellaneous) (Q2); Computational Theory and Mathematics (Q2); Finance (Q2); Information Systems (Q2); Information Systems and Management (Q2); Strategy and Management (Q2); Artificial Intelligence (Q3)";"Business, Management and Accounting; Computer Science; Decision Sciences; Economics, Econometrics and Finance"
120;24358;"Journal of Heuristics";journal;"13811231, 15729397";"Springer Netherlands";No;No;0,458;Q3;75;14;74;522;159;73;1,82;37,29;20,00;0;2;Netherlands;Western Europe;"Springer Netherlands";"1995-2025";"Computer Networks and Communications (Q2); Information Systems (Q2); Artificial Intelligence (Q3); Control and Optimization (Q3); Management Science and Operations Research (Q3); Software (Q3)";"Computer Science; Decision Sciences; Mathematics"
121;21101048389;"CCF Transactions on Pervasive Computing and Interaction";journal;"25245228, 2524521X";"Springer Verlag";No;No;0,445;Q3;18;32;86;1568;250;83;2,75;49,00;37,17;0;5;Germany;Western Europe;"Springer Verlag";"2019-2025";"Computer Networks and Communications (Q2); Artificial Intelligence (Q3); Computer Science Applications (Q3); Human-Computer Interaction (Q3)";"Computer Science"
122;21101190270;"Journal of Computational Mathematics and Data Science";journal;"27724158";"Elsevier B.V.";Yes;No;0,433;Q3;12;16;52;641;216;52;4,59;40,06;27,78;0;1;Netherlands;Western Europe;"Elsevier B.V.";"2021-2025";"Applied Mathematics (Q2); Artificial Intelligence (Q3); Computational Mathematics (Q3); Computer Science Applications (Q3)";"Computer Science; Mathematics"
123;21100900308;"Intelligenza Artificiale";journal;"17248035, 22110097";"SAGE Publications Ltd";No;No;0,430;Q3;9;19;35;1045;79;34;1,50;55,00;31,67;0;3;Netherlands;Western Europe;"SAGE Publications Ltd";"2018-2024";"Artificial Intelligence (Q3)";"Computer Science"
124;12931;"Cybernetics and Systems";journal;"10876553, 01969722";"Taylor and Francis Ltd.";No;No;0,424;Q3;49;112;204;4281;559;198;2,76;38,22;27,27;0;31;United Kingdom;Western Europe;"Taylor and Francis Ltd.";"1980-2025";"Artificial Intelligence (Q3); Information Systems (Q3); Software (Q3)";"Computer Science"
125;23670;"Annals of Mathematics and Artificial Intelligence";journal;"15737470, 10122443";"Springer Netherlands";No;No;0,419;Q3;61;81;161;3134;232;149;1,50;38,69;22,75;0;4;Netherlands;Western Europe;"Springer Netherlands";"1990-2025";"Applied Mathematics (Q3); Artificial Intelligence (Q3)";"Computer Science; Mathematics"
126;21100790723;"Computability";journal;"22113576, 22113568";"SAGE Publications Ltd";No;No;0,416;Q3;13;22;54;718;29;52;0,69;32,64;15,09;0;0;Netherlands;Western Europe;"SAGE Publications Ltd";"2012-2024";"Artificial Intelligence (Q3); Computational Theory and Mathematics (Q3); Computer Science Applications (Q3); Theoretical Computer Science (Q3)";"Computer Science; Mathematics"
127;23635;"Adaptive Behavior";journal;"17412633, 10597123";"SAGE Publications Ltd";No;No;0,413;Q3;60;42;142;2973;239;127;1,40;70,79;22,50;0;3;United Kingdom;Western Europe;"SAGE Publications Ltd";"1992-2025";"Philosophy (Q1); Artificial Intelligence (Q3); Experimental and Cognitive Psychology (Q3); Behavioral Neuroscience (Q4)";"Arts and Humanities; Computer Science; Neuroscience; Psychology"
128;21101019334;"Journal of Business Analytics";journal;"2573234X, 25732358";"Taylor and Francis Ltd.";No;No;0,382;Q3;12;21;43;1503;122;42;2,40;71,57;31,25;0;3;United Kingdom;Western Europe;"Taylor and Francis Ltd.";"2018-2025";"Industrial and Manufacturing Engineering (Q2); Information Systems and Management (Q2); Management Information Systems (Q2); Artificial Intelligence (Q3); Information Systems (Q3); Management Science and Operations Research (Q3); Statistics, Probability and Uncertainty (Q3)";"Business, Management and Accounting; Computer Science; Decision Sciences; Engineering"
129;23617;"AI Communications";journal;"09217126";"SAGE Publications Ltd";No;No;0,372;Q3;46;25;69;1053;126;66;1,20;42,12;24,64;0;3;Netherlands;Western Europe;"SAGE Publications Ltd";"1987-2024";"Artificial Intelligence (Q3)";"Computer Science"
130;23917;"Journal of Intelligent and Fuzzy Systems";journal;"18758967, 10641246";"SAGE Publications Ltd";No;No;0,364;Q3;89;619;3773;24600;7753;3763;1,71;39,74;35,62;0;150;Netherlands;Western Europe;"SAGE Publications Ltd";"1993-2024";"Engineering (miscellaneous) (Q2); Artificial Intelligence (Q3); Statistics and Probability (Q3)";"Computer Science; Engineering; Mathematics"
131;24175;"Constraints";journal;"15729354, 13837133";"Springer Netherlands";No;No;0,355;Q3;49;11;39;553;58;35;1,47;50,27;14,29;0;0;Netherlands;Western Europe;"Springer Netherlands";"1996-2024";"Artificial Intelligence (Q3); Computational Theory and Mathematics (Q3); Discrete Mathematics and Combinatorics (Q3); Software (Q3)";"Computer Science; Mathematics"
132;21101077110;"Cognitive Computation and Systems";journal;"25177567";"John Wiley and Sons Inc";Yes;No;0,353;Q3;12;13;94;459;198;92;2,00;35,31;22,86;0;2;United Kingdom;Western Europe;"John Wiley and Sons Inc";"2019-2025";"Artificial Intelligence (Q3); Computer Science Applications (Q3); Computer Vision and Pattern Recognition (Q3); Experimental and Cognitive Psychology (Q3); Cognitive Neuroscience (Q4)";"Computer Science; Neuroscience; Psychology"
133;21100826286;"Fuzzy Information and Engineering";journal;"16168658, 16168666";"Tsinghua University Press";Yes;Yes;0,353;Q3;27;20;81;750;177;81;2,18;37,50;23,40;0;1;United Kingdom;Western Europe;"Tsinghua University Press";"2011, 2014-2024";"Industrial and Manufacturing Engineering (Q2); Applied Mathematics (Q3); Artificial Intelligence (Q3); Control and Systems Engineering (Q3); Information Systems (Q3); Logic (Q3); Management Science and Operations Research (Q3); Theoretical Computer Science (Q3)";"Computer Science; Decision Sciences; Engineering; Mathematics"
134;21101200903;"International Journal of Hybrid Intelligent Systems";journal;"18758819, 14485869";"SAGE Publications Ltd";No;No;0,349;Q3;10;12;36;535;76;36;1,92;44,58;15,63;0;5;Netherlands;Western Europe;"SAGE Publications Ltd";"2019-2024";"Artificial Intelligence (Q3); Mathematics (miscellaneous) (Q3)";"Computer Science; Mathematics"
135;27190;"Machine Translation";journal;"09226567, 15730573";"Springer Science and Business Media B.V.";No;No;0,345;Q3;36;0;31;0;89;29;0,00;0,00;0,00;0;0;Netherlands;Western Europe;"Springer Science and Business Media B.V.";"1989-2021";"Linguistics and Language (Q2); Artificial Intelligence (Q3); Software (Q3)";"Computer Science; Social Sciences"
136;21100466219;"Journal on Data Semantics";journal;"18612040, 18612032";"Springer International Publishing AG";No;No;0,332;Q3;21;0;19;0;32;17;0,00;0,00;0,00;0;0;Switzerland;Western Europe;"Springer International Publishing AG";"2012-2021";"Artificial Intelligence (Q3); Computer Networks and Communications (Q3); Information Systems (Q3)";"Computer Science"
137;19700181256;"Constructivist Foundations";journal;"1782348X";"Vrije Universiteit Brussel";No;No;0,319;Q3;26;42;276;684;133;275;0,50;16,29;20,51;0;2;Belgium;Western Europe;"Vrije Universiteit Brussel";"2010-2024";"Philosophy (Q1); History and Philosophy of Science (Q2); Multidisciplinary (Q2); Artificial Intelligence (Q3); Education (Q3); Cognitive Neuroscience (Q4)";"Arts and Humanities; Computer Science; Multidisciplinary; Neuroscience; Social Sciences"
138;21100853738;"ROBOMECH Journal";journal;"21974225";"Springer International Publishing AG";Yes;No;0,311;Q3;22;18;80;528;137;80;2,13;29,33;9,38;0;4;Switzerland;Western Europe;"Springer International Publishing AG";"2014-2025";"Artificial Intelligence (Q3); Control and Optimization (Q3); Instrumentation (Q3); Mechanical Engineering (Q3); Modeling and Simulation (Q3)";"Computer Science; Engineering; Mathematics; Physics and Astronomy"
139;21101134735;"Data Science";journal;"24518484, 24518492";"SAGE Publications Ltd";Yes;No;0,298;Q3;13;5;29;211;54;28;1,59;42,20;37,50;0;0;Netherlands;Western Europe;"SAGE Publications Ltd";"2017, 2019-2024";"Artificial Intelligence (Q3); Computational Mathematics (Q3); Computer Science (miscellaneous) (Q3); Information Systems (Q3); Modeling and Simulation (Q3); Statistics and Probability (Q3)";"Computer Science; Mathematics"
140;19900193685;"International Journal of Knowledge-Based and Intelligent Engineering Systems";journal;"13272314, 18758827";"SAGE Publications Ltd";No;No;0,295;Q3;25;29;96;1820;171;96;2,09;62,76;39,68;0;12;Netherlands;Western Europe;"SAGE Publications Ltd";"2004-2024";"Artificial Intelligence (Q3); Control and Systems Engineering (Q3); Software (Q3); Statistics and Probability (Q3); Statistics, Probability and Uncertainty (Q3)";"Computer Science; Decision Sciences; Engineering; Mathematics"
141;11300153726;"Intelligent Data Analysis";journal;"1088467X, 15714128";"SAGE Publications Ltd";No;No;0,286;Q3;55;71;254;2977;321;238;1,03;41,93;31,96;0;7;Netherlands;Western Europe;"SAGE Publications Ltd";"1997-2024";"Artificial Intelligence (Q3); Computer Vision and Pattern Recognition (Q3); Theoretical Computer Science (Q4)";"Computer Science; Mathematics"
142;24258;"Inteligencia Artificial";journal;"11373601";"Asociacion Espanola de Inteligencia Artificial";Yes;Yes;0,251;Q4;16;27;64;1032;110;64;1,75;38,22;33,87;0;6;Spain;Western Europe;"Asociacion Espanola de Inteligencia Artificial";"2004-2010, 2012-2025";"Artificial Intelligence (Q4); Software (Q4)";"Computer Science"
143;21100211724;"Intelligent Decision Technologies";journal;"18724981, 18758843";"SAGE Publications Ltd";No;No;0,250;Q4;20;204;206;6700;308;196;1,42;32,84;35,32;0;64;Netherlands;Western Europe;"SAGE Publications Ltd";"2007-2024";"Computer Vision and Pattern Recognition (Q3); Artificial Intelligence (Q4); Human-Computer Interaction (Q4); Software (Q4); Statistics and Probability (Q4); Statistics, Probability and Uncertainty (Q4)";"Computer Science; Decision Sciences; Mathematics"
144;21101180711;"Rivista Italiana di Informatica e Diritto";journal;"27047318";"Consiglio Nazionale delle Ricerche";Yes;Yes;0,250;Q4;4;62;94;1977;25;89;0,32;31,89;48,08;0;26;Italy;Western Europe;"Consiglio Nazionale delle Ricerche";"2019-2024";"Law (Q2); Computer Science Applications (Q3); Information Systems (Q3); Artificial Intelligence (Q4)";"Computer Science; Social Sciences"
145;21101252471;"Italian Journal of Computational Linguistics";journal;"24994553";"Accademia University Press";Yes;Yes;0,229;Q4;4;5;29;215;34;28;1,06;43,00;23,08;0;1;Italy;Western Europe;"Accademia University Press";"2020-2024";"Linguistics and Language (Q2); Artificial Intelligence (Q4); Computational Theory and Mathematics (Q4); Human-Computer Interaction (Q4)";"Computer Science; Social Sciences"
146;21101132923;"Internet Technology Letters";journal;"24761508";"John Wiley and Sons Inc";No;No;0,226;Q4;25;158;204;2449;282;128;1,58;15,50;34,70;1;37;United Kingdom;Western Europe;"John Wiley and Sons Inc";"2018-2025";"Computer Networks and Communications (Q3); Artificial Intelligence (Q4); Information Systems (Q4); Software (Q4)";"Computer Science"
147;21101186203;"International Journal of Intelligent Engineering Informatics";journal;"17588715, 17588723";"Inderscience Publishers";No;No;0,221;Q4;6;25;39;1415;99;39;2,54;56,60;28,57;0;5;United Kingdom;Western Europe;"Inderscience Publishers";"2022-2025";"Artificial Intelligence (Q4); Computer Science Applications (Q4); Computer Vision and Pattern Recognition (Q4); Human-Computer Interaction (Q4); Signal Processing (Q4); Software (Q4)";"Computer Science"
148;21101092539;"Advances in Distributed Computing and Artificial Intelligence Journal";journal;"22552863";"University of Salamanca";Yes;Yes;0,219;Q4;9;28;65;1025;88;65;1,28;36,61;24,66;0;7;Spain;Western Europe;"University of Salamanca";"2019-2024";"Computer Networks and Communications (Q3); Artificial Intelligence (Q4); Computer Science Applications (Q4); Information Systems (Q4)";"Computer Science"
149;17700155820;"WSEAS Transactions on Systems and Control";journal;"22242856, 19918763";"World Scientific and Engineering Academy and Society";Yes;No;0,215;Q4;22;52;203;1255;180;203;0,82;24,13;31,30;0;15;Greece;Western Europe;"World Scientific and Engineering Academy and Society";"2008-2025";"Artificial Intelligence (Q4); Control and Optimization (Q4); Control and Systems Engineering (Q4); Mathematics (miscellaneous) (Q4)";"Computer Science; Engineering; Mathematics"
150;21100325719;"International Journal of Mechatronics and Automation";journal;"20451059, 20451067";"Inderscience";No;No;0,145;Q4;17;0;43;0;23;43;0,15;0,00;0,00;0;0;Switzerland;Western Europe;"Inderscience";"2011-2018, 2020-2022";"Artificial Intelligence (Q4); Computational Mathematics (Q4); Computational Mechanics (Q4); Control and Systems Engineering (Q4); Electrical and Electronic Engineering (Q4); Industrial and Manufacturing Engineering (Q4)";"Computer Science; Engineering; Mathematics"
151;21100204931;"Sistemi Intelligenti";journal;"11209550, 19738226";"Il Mulino publishing house";No;No;0,141;Q4;9;37;124;1828;36;117;0,43;49,41;49,45;0;4;Italy;Western Europe;"Il Mulino publishing house";"1997-2024";"Linguistics and Language (Q3); Artificial Intelligence (Q4); Cognitive Neuroscience (Q4); Experimental and Cognitive Psychology (Q4)";"Computer Science; Neuroscience; Psychology; Social Sciences"
152;21100411629;"Web Intelligence";journal;"24056464, 24056456";"SAGE Publications Ltd";No;No;0,136;Q4;26;31;78;1264;39;78;0,46;40,77;45,28;0;8;Netherlands;Western Europe;"SAGE Publications Ltd";"2015-2024";"Artificial Intelligence (Q4); Computer Networks and Communications (Q4); Software (Q4)";"Computer Science"
153;6700153285;"International Journal of Mobile Network Design and Innovation";journal;"17442869, 17442850";"Inderscience Enterprises Ltd";No;No;0,113;Q4;12;12;20;262;5;20;0,15;21,83;24,00;0;5;United Kingdom;Western Europe;"Inderscience Enterprises Ltd";"2005-2007, 2009-2024";"Artificial Intelligence (Q4); Computer Networks and Communications (Q4); Management Information Systems (Q4); Software (Q4)";"Business, Management and Accounting; Computer Science"
154;21101042133;"Hellenic Journal of Radiology";journal;"26541629, 25290568";"Zita Medical Management";No;No;0,106;Q4;4;28;83;560;8;74;0,06;20,00;45,12;0;13;Greece;Western Europe;"Zita Medical Management";"2019-2024";"Artificial Intelligence (Q4); Computer Science Applications (Q4); Radiological and Ultrasound Technology (Q4); Radiology, Nuclear Medicine and Imaging (Q4)";"Computer Science; Health Professions; Medicine"
155;24847;"Revue d'Intelligence Artificielle (discontinued)";journal;"19585748, 0992499X";"International Information and Engineering Technology Association";No;No;;-;25;38;360;1408;634;360;1,65;37,05;32,98;0;12;France;Western Europe;"International Information and Engineering Technology Association";"1995-2024";"Artificial Intelligence; Software";"Computer Science"
